https://www.lehrplanplus.bayern.de/bildungs-und-erziehungsauftrag/bos	LehrplanPLUS - Berufsoberschule - Bildungs- und Erziehungsauftrag	Bildungs- und Erziehungsauftrag Bildungs- und Erziehungsauftrag der Berufsoberschule Berufsoberschule
https://www.lehrplanplus.bayern.de/bildungs-und-erziehungsauftrag/fos	LehrplanPLUS - Fachoberschule - Bildungs- und Erziehungsauftrag	Bildungs- und Erziehungsauftrag Bildungs- und Erziehungsauftrag der Fachoberschule Fachoberschule
https://www.lehrplanplus.bayern.de/bildungs-und-erziehungsauftrag/gymnasium	LehrplanPLUS - Gymnasium - Bildungs- und Erziehungsauftrag	Bildungs- und Erziehungsauftrag Bildungs- und Erziehungsauftrag des Gymnasiums Gymnasium
https://www.lehrplanplus.bayern.de/bildungs-und-erziehungsauftrag/mittelschule	LehrplanPLUS - Mittelschule - Bildungs- und Erziehungsauftrag	Bildungs- und Erziehungsauftrag Bildungs- und Erziehungsauftrag der Mittelschule Mittelschule
https://www.lehrplanplus.bayern.de/bildungs-und-erziehungsauftrag/realschule	LehrplanPLUS - Realschule - Bildungs- und Erziehungsauftrag	Bildungs- und Erziehungsauftrag Bildungs- und Erziehungsauftrag der Realschule Realschule
https://www.lehrplanplus.bayern.de/bildungs-und-erziehungsauftrag/wirtschaftsschule	LehrplanPLUS - Wirtschaftsschule - Bildungs- und Erziehungsauftrag	Bildungs- und Erziehungsauftrag Bildungs- und Erziehungsauftrag der Wirtschaftsschule Wirtschaftsschule
https://www.lehrplanplus.bayern.de/fachlehrplan/bos/10/betriebswirtschaftslehre	LehrplanPLUS - Berufsoberschule - 10 - Betriebswirtschaftslehre - Fachlehrpläne	Fachlehrplan Betriebswirtschaftslehre Vorklasse (W) Berufsoberschule, Betriebswirtschaftslehre, Jahrgangsstufe 10
https://www.lehrplanplus.bayern.de/fachlehrplan/bos/10/biologie/abu	LehrplanPLUS - Berufsoberschule - 10 - Biologie - Fachlehrpläne	Fachlehrplan Biologie Vorklasse (ABU) Berufsoberschule, Biologie, Jahrgangsstufe 10
https://www.lehrplanplus.bayern.de/fachlehrplan/bos/10/biologie/s-gh	LehrplanPLUS - Berufsoberschule - 10 - Biologie - Fachlehrpläne	Fachlehrplan Biologie Vorklasse (S, GH) Berufsoberschule, Biologie, Jahrgangsstufe 10
https://www.lehrplanplus.bayern.de/fachlehrplan/bos/10/bwl-rechnungswesen	LehrplanPLUS - Berufsoberschule - 10 - Betriebswirtschaftslehre / Rechnungswesen - Fachlehrpläne	Fachlehrplan Betriebswirtschaftslehre/Rechnungswesen Vorklasse (W) Berufsoberschule, Betriebswirtschaftslehre / Rechnungswesen, Jahrgangsstufe 10
https://www.lehrplanplus.bayern.de/fachlehrplan/bos/10/chemie/abu-t-gh	LehrplanPLUS - Berufsoberschule - 10 - Chemie - Fachlehrpläne	Fachlehrplan Chemie Vorklasse (ABU, T, GH) Berufsoberschule, Chemie, Jahrgangsstufe 10
https://www.lehrplanplus.bayern.de/fachlehrplan/bos/10/deutsch/vorklasse	LehrplanPLUS - Berufsoberschule - 10 - Deutsch - Fachlehrpläne	Fachlehrplan Deutsch Vorklasse Berufsoberschule, Deutsch, Jahrgangsstufe 10
https://www.lehrplanplus.bayern.de/fachlehrplan/bos/10/deutsch/vorklasse_gueltig_ab_26_27	LehrplanPLUS - Berufsoberschule - 10 - Deutsch - Fachlehrpläne	Fachlehrplan Deutsch Vorklasse, gültig ab SJ 2026/27 Berufsoberschule, Deutsch, Jahrgangsstufe 10
https://www.lehrplanplus.bayern.de/fachlehrplan/bos/10/deutsch/vorkurs	LehrplanPLUS - Berufsoberschule - 10 - Deutsch - Fachlehrpläne	Fachlehrplan Deutsch Vorkurs Berufsoberschule, Deutsch, Jahrgangsstufe 10
https://www.lehrplanplus.bayern.de/fachlehrplan/bos/10/deutsch/vorkurs_guelitg_ab_26_27	LehrplanPLUS - Berufsoberschule - 10 - Deutsch - Fachlehrpläne	Fachlehrplan Deutsch Vorkurs, gültig ab SJ 2026/27 Berufsoberschule, Deutsch, Jahrgangsstufe 10
https://www.lehrplanplus.bayern.de/fachlehrplan/bos/10/englisch/vorklasse	LehrplanPLUS - Berufsoberschule - 10 - Englisch - Fachlehrpläne	Fachlehrplan Englisch Vorklasse Berufsoberschule, Englisch, Jahrgangsstufe 10
https://www.lehrplanplus.bayern.de/fachlehrplan/bos/10/englisch/vorkurs	LehrplanPLUS - Berufsoberschule - 10 - Englisch - Fachlehrpläne	Fachlehrplan Englisch Vorkurs Berufsoberschule, Englisch, Jahrgangsstufe 10
https://www.lehrplanplus.bayern.de/fachlehrplan/bos/10/ethik	LehrplanPLUS - Berufsoberschule - 10 - Ethik - Fachlehrpläne	Fachlehrplan Ethik Vorklasse Berufsoberschule, Ethik, Jahrgangsstufe 10
https://www.lehrplanplus.bayern.de/fachlehrplan/bos/10/evangelische-religionslehre	LehrplanPLUS - Berufsoberschule - 10 - Evangelische Religionslehre - Fachlehrpläne	Fachlehrplan Evangelische Religionslehre Vorklasse Berufsoberschule, Evangelische Religionslehre, Jahrgangsstufe 10
https://www.lehrplanplus.bayern.de/fachlehrplan/bos/10/gpug-fosbos/gpug	LehrplanPLUS - Berufsoberschule - 10 - Geschichte/Politik und Gesellschaft (FOS/BOS) - Fachlehrpläne	Fachlehrplan Geschichte/Politik und Gesellschaft Vorklasse Berufsoberschule, Geschichte/Politik und Gesellschaft (FOS/BOS), Jahrgangsstufe 10
https://www.lehrplanplus.bayern.de/fachlehrplan/bos/10/gw/aktuell	LehrplanPLUS - Berufsoberschule - 10 - Gesundheitswissenschaften - Fachlehrpläne	Fachlehrplan Gesundheitswissenschaften Vorklasse (GH) Berufsoberschule, Gesundheitswissenschaften, Jahrgangsstufe 10
https://www.lehrplanplus.bayern.de/fachlehrplan/bos/10/gw/aktuell_gueltig_ab_26_27	LehrplanPLUS - Berufsoberschule - 10 - Gesundheitswissenschaften - Fachlehrpläne	Fachlehrplan Gesundheitswissenschaften Vorklasse (GH), gültig ab SJ 2026/27 Berufsoberschule, Gesundheitswissenschaften, Jahrgangsstufe 10
https://www.lehrplanplus.bayern.de/fachlehrplan/bos/10/ibv/ibv	LehrplanPLUS - Berufsoberschule - 10 - Internationale Betriebswirtschaftslehre und Volkswirtschaftslehre - Fachlehrpläne	Fachlehrplan Internationale Betriebswirtschaftslehre und Volkswirtschaftslehre Vorklasse (IW) Berufsoberschule, Internationale Betriebswirtschaftslehre und Volkswirtschaftslehre, Jahrgangsstufe 10
https://www.lehrplanplus.bayern.de/fachlehrplan/bos/10/ibv/ibv_gueltig_ab_26_27	LehrplanPLUS - Berufsoberschule - 10 - Internationale Betriebswirtschaftslehre und Volkswirtschaftslehre - Fachlehrpläne	Fachlehrplan Internationale Betriebswirtschaftslehre und Volkswirtschaftslehre Vorklasse (IW), gültig ab SJ 2026/27 Berufsoberschule, Internationale Betriebswirtschaftslehre und Volkswirtschaftslehre, Jahrgangsstufe 10
https://www.lehrplanplus.bayern.de/fachlehrplan/bos/10/katholische-religionslehre	LehrplanPLUS - Berufsoberschule - 10 - Katholische Religionslehre - Fachlehrpläne	Fachlehrplan Katholische Religionslehre Vorklasse Berufsoberschule, Katholische Religionslehre, Jahrgangsstufe 10
https://www.lehrplanplus.bayern.de/fachlehrplan/bos/10/kuenstliche_intelligenz_informatik_u_technologie/t	LehrplanPLUS - Berufsoberschule - 10 - Künstliche Intelligenz, Informatik und Technologie (KIT) - Fachlehrpläne	Fachlehrplan Künstliche Intelligenz, Informatik und Technologie 10 Berufsoberschule, Künstliche Intelligenz, Informatik und Technologie (KIT), Jahrgangsstufe 10
https://www.lehrplanplus.bayern.de/fachlehrplan/bos/10/mathematik/vorklasse	LehrplanPLUS - Berufsoberschule - 10 - Mathematik - Fachlehrpläne	Fachlehrplan Mathematik Vorklasse Berufsoberschule, Mathematik, Jahrgangsstufe 10
https://www.lehrplanplus.bayern.de/fachlehrplan/bos/10/mathematik/vorkurs	LehrplanPLUS - Berufsoberschule - 10 - Mathematik - Fachlehrpläne	Fachlehrplan Mathematik Vorkurs Berufsoberschule, Mathematik, Jahrgangsstufe 10
https://www.lehrplanplus.bayern.de/fachlehrplan/bos/10/nt-bo/w-iw	LehrplanPLUS - Berufsoberschule - 10 - Naturwissenschaften - Fachlehrpläne	Fachlehrplan Naturwissenschaften Vorklasse (W, IW) Berufsoberschule, Naturwissenschaften , Jahrgangsstufe 10
https://www.lehrplanplus.bayern.de/fachlehrplan/bos/10/paedagogik-psychologie/s	LehrplanPLUS - Berufsoberschule - 10 - Pädagogik/Psychologie - Fachlehrpläne	Fachlehrplan Pädagogik/Psychologie Vorklasse (S) Berufsoberschule, Pädagogik/Psychologie, Jahrgangsstufe 10
https://www.lehrplanplus.bayern.de/fachlehrplan/bos/10/physik/abu-t	LehrplanPLUS - Berufsoberschule - 10 - Physik - Fachlehrpläne	Fachlehrplan Physik Vorklasse (T, ABU) Berufsoberschule, Physik, Jahrgangsstufe 10
https://www.lehrplanplus.bayern.de/fachlehrplan/bos/10/technologie/abu-t	LehrplanPLUS - Berufsoberschule - 10 - Technologie - Fachlehrpläne	Fachlehrplan Technologie Vorklasse (ABU, T) Berufsoberschule, Technologie, Jahrgangsstufe 10
https://www.lehrplanplus.bayern.de/fachlehrplan/bos/12/aspekte_der_chemie/wahl-w-s-iw	LehrplanPLUS - Berufsoberschule - 12 - Aspekte der Chemie - Fachlehrpläne	Fachlehrplan Aspekte der Chemie 12 (erweiterndes Wahlpflichtfach S, W, IW) Berufsoberschule, Aspekte der Chemie, Jahrgangsstufe 12
https://www.lehrplanplus.bayern.de/fachlehrplan/bos/12/aspekte_der_psychologie/wahl-abu-t-w-iw-gh	LehrplanPLUS - Berufsoberschule - 12, 13 - Aspekte der Psychologie - Fachlehrpläne	Fachlehrplan Aspekte der Psychologie 12 oder 13 (erweiterndes Wahlpflichtfach T, ABU, W, IW, GH) Berufsoberschule, Aspekte der Psychologie, Jahrgangsstufe 12/13
https://www.lehrplanplus.bayern.de/fachlehrplan/bos/12/betriebswirtschaftslehre	LehrplanPLUS - Berufsoberschule - 12 - Betriebswirtschaftslehre - Fachlehrpläne	Fachlehrplan Betriebswirtschaftslehre 12 (W) Berufsoberschule, Betriebswirtschaftslehre, Jahrgangsstufe 12
https://www.lehrplanplus.bayern.de/fachlehrplan/bos/12/biologie/abu	LehrplanPLUS - Berufsoberschule - 12 - Biologie - Fachlehrpläne	Fachlehrplan Biologie 12 (ABU) Berufsoberschule, Biologie, Jahrgangsstufe 12
https://www.lehrplanplus.bayern.de/fachlehrplan/bos/12/biologie/g	LehrplanPLUS - Berufsoberschule - 12 - Biologie - Fachlehrpläne	Fachlehrplan Biologie 12 (GH) Berufsoberschule, Biologie, Jahrgangsstufe 12
https://www.lehrplanplus.bayern.de/fachlehrplan/bos/12/biologie/s	LehrplanPLUS - Berufsoberschule - 12 - Biologie - Fachlehrpläne	Fachlehrplan Biologie 12 (S) Berufsoberschule, Biologie, Jahrgangsstufe 12
https://www.lehrplanplus.bayern.de/fachlehrplan/bos/12/biologie/wahl-t-w-iw	LehrplanPLUS - Berufsoberschule - 12, 13 - Biologie - Fachlehrpläne	Fachlehrplan Aspekte der Biologie 12 oder 13 (erweiterndes Wahlpflichtfach T, W, IW) Berufsoberschule, Biologie, Jahrgangsstufe 12/13
https://www.lehrplanplus.bayern.de/fachlehrplan/bos/12/biotechnologie	LehrplanPLUS - Berufsoberschule - 12 - Biotechnologie - Fachlehrpläne	Fachlehrplan Biotechnologie 12 (vertiefendes Wahlpflichtfach ABU) Berufsoberschule, Biotechnologie, Jahrgangsstufe 12
https://www.lehrplanplus.bayern.de/fachlehrplan/bos/12/bwl-rechnungswesen	LehrplanPLUS - Berufsoberschule - 12 - Betriebswirtschaftslehre / Rechnungswesen - Fachlehrpläne	Fachlehrplan Betriebswirtschaftslehre/Rechnungswesen 12 (W) Berufsoberschule, Betriebswirtschaftslehre / Rechnungswesen, Jahrgangsstufe 12
https://www.lehrplanplus.bayern.de/fachlehrplan/bos/12/chemie/abu	LehrplanPLUS - Berufsoberschule - 12 - Chemie - Fachlehrpläne	Fachlehrplan Chemie 12 (ABU) Berufsoberschule, Chemie, Jahrgangsstufe 12
https://www.lehrplanplus.bayern.de/fachlehrplan/bos/12/chemie/gh	LehrplanPLUS - Berufsoberschule - 12 - Chemie - Fachlehrpläne	Fachlehrplan Chemie 12 (GH) Berufsoberschule, Chemie, Jahrgangsstufe 12
https://www.lehrplanplus.bayern.de/fachlehrplan/bos/12/chemie/t	LehrplanPLUS - Berufsoberschule - 12 - Chemie - Fachlehrpläne	Fachlehrplan Chemie 12 (T) Berufsoberschule, Chemie, Jahrgangsstufe 12
https://www.lehrplanplus.bayern.de/fachlehrplan/bos/12/deutsch	Redirecting to /	
https://www.lehrplanplus.bayern.de/fachlehrplan/bos/12/deutsch/gueltig_ab_27_28	LehrplanPLUS - Berufsoberschule - 12 - Deutsch - Fachlehrpläne	Fachlehrplan Deutsch 12, gültig ab SJ 2027/28 Berufsoberschule, Deutsch, Jahrgangsstufe 12
https://www.lehrplanplus.bayern.de/fachlehrplan/bos/12/ebc/englischbookclub	LehrplanPLUS - Berufsoberschule - 12, 13 - English Book Club - Fachlehrpläne	Fachlehrplan English Book Club 12 oder 13 (erweiterndes Wahlpflichtfach) Berufsoberschule, English Book Club, Jahrgangsstufe 12/13
https://www.lehrplanplus.bayern.de/fachlehrplan/bos/12/englisch/englisch%20	LehrplanPLUS - Berufsoberschule - 12 - Englisch - Fachlehrpläne	Fachlehrplan Englisch 12 Berufsoberschule, Englisch, Jahrgangsstufe 12
https://www.lehrplanplus.bayern.de/fachlehrplan/bos/12/ethik	LehrplanPLUS - Berufsoberschule - 12 - Ethik - Fachlehrpläne	Fachlehrplan Ethik 12 Berufsoberschule, Ethik, Jahrgangsstufe 12
https://www.lehrplanplus.bayern.de/fachlehrplan/bos/12/evangelische-religionslehre	LehrplanPLUS - Berufsoberschule - 12 - Evangelische Religionslehre - Fachlehrpläne	Fachlehrplan Evangelische Religionslehre 12 Berufsoberschule, Evangelische Religionslehre, Jahrgangsstufe 12
https://www.lehrplanplus.bayern.de/fachlehrplan/bos/12/franzoesisch/franzoesisch_ahr	LehrplanPLUS - Berufsoberschule - 12 - Französisch - Fachlehrpläne	Fachlehrplan Französisch 12 (AHR) Berufsoberschule, Französisch, Jahrgangsstufe 12
https://www.lehrplanplus.bayern.de/fachlehrplan/bos/12/franzoesisch/franzoesisch_aufbaukurs	LehrplanPLUS - Berufsoberschule - 12 - Französisch - Fachlehrpläne	Fachlehrplan Französisch Aufbaukurs 12 (Pflichtfach IW) Berufsoberschule, Französisch, Jahrgangsstufe 12
https://www.lehrplanplus.bayern.de/fachlehrplan/bos/12/franzoesisch/franzoesisch_grundkurs	LehrplanPLUS - Berufsoberschule - 12 - Französisch - Fachlehrpläne	Fachlehrplan Französisch Grundkurs 12 (Pflichtfach IW) Berufsoberschule, Französisch, Jahrgangsstufe 12
https://www.lehrplanplus.bayern.de/fachlehrplan/bos/12/gpug-fosbos	LehrplanPLUS - Berufsoberschule - 12 - Geschichte/Politik und Gesellschaft (FOS/BOS) - Fachlehrpläne	Fachlehrplan Geschichte/Politik und Gesellschaft 12 Berufsoberschule, Geschichte/Politik und Gesellschaft (FOS/BOS), Jahrgangsstufe 12
https://www.lehrplanplus.bayern.de/fachlehrplan/bos/12/gw/aktuell	LehrplanPLUS - Berufsoberschule - 12 - Gesundheitswissenschaften - Fachlehrpläne	Fachlehrplan Gesundheitswissenschaften 12 (GH) Berufsoberschule, Gesundheitswissenschaften, Jahrgangsstufe 12
https://www.lehrplanplus.bayern.de/fachlehrplan/bos/12/gw/aktuell_gueltig_ab_27_28	LehrplanPLUS - Berufsoberschule - 12 - Gesundheitswissenschaften - Fachlehrpläne	Fachlehrplan Gesundheitswissenschaften 12 (GH), gültig ab SJ 2027/28 Berufsoberschule, Gesundheitswissenschaften, Jahrgangsstufe 12
https://www.lehrplanplus.bayern.de/fachlehrplan/bos/12/gwr	LehrplanPLUS - Berufsoberschule - 12, 13 - Gesundheitswirtschaft und Recht - Fachlehrpläne	Fachlehrplan Gesundheitswirtschaft und Recht 12 oder 13 (erweiterndes Wahlpflichtfach GH) Berufsoberschule, Gesundheitswirtschaft und Recht, Jahrgangsstufe 12/13
https://www.lehrplanplus.bayern.de/fachlehrplan/bos/12/ibv/ibv	LehrplanPLUS - Berufsoberschule - 12 - Internationale Betriebswirtschaftslehre und Volkswirtschaftslehre - Fachlehrpläne	Fachlehrplan Internationale Betriebswirtschaftslehre und Volkswirtschaftslehre 12 (IW) Berufsoberschule, Internationale Betriebswirtschaftslehre und Volkswirtschaftslehre, Jahrgangsstufe 12
https://www.lehrplanplus.bayern.de/fachlehrplan/bos/12/ibv/ibv_gueltig_ab_27_28	LehrplanPLUS - Berufsoberschule - 12 - Internationale Betriebswirtschaftslehre und Volkswirtschaftslehre - Fachlehrpläne	Fachlehrplan Internationale Betriebswirtschaftslehre und Volkswirtschaftslehre 12 (IW), gültig ab SJ 2027/28 Berufsoberschule, Internationale Betriebswirtschaftslehre und Volkswirtschaftslehre, Jahrgangsstufe 12
https://www.lehrplanplus.bayern.de/fachlehrplan/bos/12/informatik/abu-s-w-gh	LehrplanPLUS - Berufsoberschule - 12 - Informatik - Fachlehrpläne	Fachlehrplan Informatik 12 (Profilfach W, vertiefendes Wahlpflichtfach IW, erweiterndes Wahlpflichtfach S, ABU, GH) Berufsoberschule, Informatik, Jahrgangsstufe 12
https://www.lehrplanplus.bayern.de/fachlehrplan/bos/12/informatik/wahl-t-iw	LehrplanPLUS - Berufsoberschule - 12 - Informatik - Fachlehrpläne	Fachlehrplan Informatik 12 (vertiefendes Wahlpflichtfach T) Berufsoberschule, Informatik, Jahrgangsstufe 12
https://www.lehrplanplus.bayern.de/fachlehrplan/bos/12/internationale_politik	LehrplanPLUS - Berufsoberschule - 12, 13 - Internationale Politik - Fachlehrpläne	Fachlehrplan Internationale Politik 12 oder 13 (erweiterndes Wahlpflichtfach, bilingual) Berufsoberschule, Internationale Politik, Jahrgangsstufe 12/13
https://www.lehrplanplus.bayern.de/fachlehrplan/bos/12/isb/pflicht-iw	LehrplanPLUS - Berufsoberschule - 12 - International Business Studies - Fachlehrpläne	Fachlehrplan International Business Studies 12 (Pflichtfach IW) Berufsoberschule, International Business Studies, Jahrgangsstufe 12
https://www.lehrplanplus.bayern.de/fachlehrplan/bos/12/isb/wahl-abu-t-w-s-gh	LehrplanPLUS - Berufsoberschule - 12, 13 - International Business Studies - Fachlehrpläne	Fachlehrplan International Business Studies 12 oder 13 (erweiterndes Wahlpflichtfach ABU, T, W, S, GH) Berufsoberschule, International Business Studies, Jahrgangsstufe 12/13
https://www.lehrplanplus.bayern.de/fachlehrplan/bos/12/italienisch/italienisch_ahr	LehrplanPLUS - Berufsoberschule - 12 - Italienisch - Fachlehrpläne	Fachlehrplan Italienisch 12 (AHR) Berufsoberschule, Italienisch, Jahrgangsstufe 12
https://www.lehrplanplus.bayern.de/fachlehrplan/bos/12/katholische-religionslehre	LehrplanPLUS - Berufsoberschule - 12 - Katholische Religionslehre - Fachlehrpläne	Fachlehrplan Katholische Religionslehre 12 Berufsoberschule, Katholische Religionslehre, Jahrgangsstufe 12
https://www.lehrplanplus.bayern.de/fachlehrplan/bos/12/ki	LehrplanPLUS - Berufsoberschule - 12 - Kommunikation und Interaktion - Fachlehrpläne	Fachlehrplan Kommunikation und Interaktion 12 (GH) Berufsoberschule, Kommunikation und Interaktion, Jahrgangsstufe 12
https://www.lehrplanplus.bayern.de/fachlehrplan/bos/12/kuenstliche_intelligenz_informatik_u_technologie/abu	LehrplanPLUS - Berufsoberschule - 12 - Künstliche Intelligenz, Informatik und Technologie (KIT) - Fachlehrpläne	Fachlehrplan Künstliche Intelligenz, Informatik und Technologie 12 Berufsoberschule, Künstliche Intelligenz, Informatik und Technologie (KIT), Jahrgangsstufe 12
https://www.lehrplanplus.bayern.de/fachlehrplan/bos/12/kuenstliche_intelligenz_informatik_u_technologie/t	LehrplanPLUS - Berufsoberschule - 12 - Künstliche Intelligenz, Informatik und Technologie (KIT) - Fachlehrpläne	Fachlehrplan Künstliche Intelligenz, Informatik und Technologie 12 Berufsoberschule, Künstliche Intelligenz, Informatik und Technologie (KIT), Jahrgangsstufe 12
https://www.lehrplanplus.bayern.de/fachlehrplan/bos/12/kuenstliche_intelligenz_u_wirtschaftsinformatik/w_iw	LehrplanPLUS - Berufsoberschule - 12 - Künstliche Intelligenz und Wirtschaftsinformatik (KIWI) - Fachlehrpläne	Fachlehrplan Künstliche Intelligenz und Wirtschaftsinformatik 12 Berufsoberschule, Künstliche Intelligenz und Wirtschaftsinformatik (KIWI), Jahrgangsstufe 12
https://www.lehrplanplus.bayern.de/fachlehrplan/bos/12/latein	LehrplanPLUS - Berufsoberschule - 12 - Latein - Fachlehrpläne	Fachlehrplan Latein 12 (AHR) Berufsoberschule, Latein, Jahrgangsstufe 12
https://www.lehrplanplus.bayern.de/fachlehrplan/bos/12/mathematik/Wahl-abu-s-w-gh-iw	LehrplanPLUS - Berufsoberschule - 12 - Mathematik - Fachlehrpläne	Fachlehrplan Mathematik Additum 12 (ABU, S, W, GH, IW) Berufsoberschule, Mathematik, Jahrgangsstufe 12
https://www.lehrplanplus.bayern.de/fachlehrplan/bos/12/mathematik/abu-s-w-gh-iw	LehrplanPLUS - Berufsoberschule - 12 - Mathematik - Fachlehrpläne	Fachlehrplan Mathematik 12 (ABU, S, W, GH, IW) Berufsoberschule, Mathematik, Jahrgangsstufe 12
https://www.lehrplanplus.bayern.de/fachlehrplan/bos/12/mathematik/abu-s-w-gh-iw_gueltig_ab_27_28	LehrplanPLUS - Berufsoberschule - 12 - Mathematik - Fachlehrpläne	Fachlehrplan Mathematik 12 (ABU, S, W, GH, IW), gültig ab SJ 2027/28 Berufsoberschule, Mathematik, Jahrgangsstufe 12
https://www.lehrplanplus.bayern.de/fachlehrplan/bos/12/mathematik/t	LehrplanPLUS - Berufsoberschule - 12 - Mathematik - Fachlehrpläne	Fachlehrplan Mathematik 12 (T) Berufsoberschule, Mathematik, Jahrgangsstufe 12
https://www.lehrplanplus.bayern.de/fachlehrplan/bos/12/mathematik/t_gueltig_ab_27_28	LehrplanPLUS - Berufsoberschule - 12 - Mathematik - Fachlehrpläne	Fachlehrplan Mathematik 12 (T), gültig ab SJ 2027/28 Berufsoberschule, Mathematik, Jahrgangsstufe 12
https://www.lehrplanplus.bayern.de/fachlehrplan/bos/12/mathematik/wahl-t	LehrplanPLUS - Berufsoberschule - 12 - Mathematik - Fachlehrpläne	Fachlehrplan Mathematik Additum 12 (T) Berufsoberschule, Mathematik, Jahrgangsstufe 12
https://www.lehrplanplus.bayern.de/fachlehrplan/bos/12/mathematik/wahl-t_gueltig_ab_27_28	LehrplanPLUS - Berufsoberschule - 12 - Mathematik - Fachlehrpläne	Fachlehrplan Mathematik Additum 12 (T), gültig ab SJ 2027/28 Berufsoberschule, Mathematik, Jahrgangsstufe 12
https://www.lehrplanplus.bayern.de/fachlehrplan/bos/12/musik	LehrplanPLUS - Berufsoberschule - 12, 13 - Musik - Fachlehrpläne	Fachlehrplan Musik 12 oder 13 (erweiterndes Wahlpflichtfach) Berufsoberschule, Musik, Jahrgangsstufe 12/13
https://www.lehrplanplus.bayern.de/fachlehrplan/bos/12/nt-bo/w-iw	LehrplanPLUS - Berufsoberschule - 12 - Naturwissenschaften - Fachlehrpläne	Fachlehrplan Naturwissenschaften 12 (W, IW) Berufsoberschule, Naturwissenschaften , Jahrgangsstufe 12
https://www.lehrplanplus.bayern.de/fachlehrplan/bos/12/paedagogik-psychologie/s	LehrplanPLUS - Berufsoberschule - 12 - Pädagogik/Psychologie - Fachlehrpläne	Fachlehrplan Pädagogik/Psychologie 12 (S) Berufsoberschule, Pädagogik/Psychologie, Jahrgangsstufe 12
https://www.lehrplanplus.bayern.de/fachlehrplan/bos/12/paedagogik-psychologie/s_gueltig_ab_27_28	LehrplanPLUS - Berufsoberschule - 12 - Pädagogik/Psychologie - Fachlehrpläne	Fachlehrplan Pädagogik/Psychologie 12 (S), gültig ab SJ 2027/28 Berufsoberschule, Pädagogik/Psychologie, Jahrgangsstufe 12
https://www.lehrplanplus.bayern.de/fachlehrplan/bos/12/physik/abu	LehrplanPLUS - Berufsoberschule - 12 - Physik - Fachlehrpläne	Fachlehrplan Physik 12 (ABU) Berufsoberschule, Physik, Jahrgangsstufe 12
https://www.lehrplanplus.bayern.de/fachlehrplan/bos/12/physik/aph-s-w-gh-iw	LehrplanPLUS - Berufsoberschule - 12 - Physik - Fachlehrpläne	Fachlehrplan Aspekte der Physik 12 (erweiterndes Wahlplichtfach S,W, GH, IW) Berufsoberschule, Physik, Jahrgangsstufe 12
https://www.lehrplanplus.bayern.de/fachlehrplan/bos/12/physik/t	LehrplanPLUS - Berufsoberschule - 12 - Physik - Fachlehrpläne	Fachlehrplan Physik 12 (T) Berufsoberschule, Physik, Jahrgangsstufe 12
https://www.lehrplanplus.bayern.de/fachlehrplan/bos/12/physik/t_gueltig_ab_27_28	LehrplanPLUS - Berufsoberschule - 12 - Physik - Fachlehrpläne	Fachlehrplan Physik 12 (T), gültig ab SJ 2027/28 Berufsoberschule, Physik, Jahrgangsstufe 12
https://www.lehrplanplus.bayern.de/fachlehrplan/bos/12/russisch/russisch_ahr	LehrplanPLUS - Berufsoberschule - 12 - Russisch - Fachlehrpläne	Fachlehrplan Russisch 12 (AHR) Berufsoberschule, Russisch, Jahrgangsstufe 12
https://www.lehrplanplus.bayern.de/fachlehrplan/bos/12/sg	LehrplanPLUS - Berufsoberschule - 12, 13 - Spektrum der Gesundheit - Fachlehrpläne	Fachlehrplan Spektrum der Gesundheit 12 und/oder 13 (vertiefendes Wahlpflichtfach GH, profilerweiterndes Wahlpflichtfach S) Berufsoberschule, Spektrum der Gesundheit, Jahrgangsstufe 12/13
https://www.lehrplanplus.bayern.de/fachlehrplan/bos/12/sozialpsychologie	LehrplanPLUS - Berufsoberschule - 12, 13 - Sozialpsychologie - Fachlehrpläne	Fachlehrplan Sozialpsychologie 12 und/oder 13 (vertiefendes Wahlpflichtfach S, profilerweiterndes Wahlpflichtfach GH) Berufsoberschule, Sozialpsychologie, Jahrgangsstufe 12/13
https://www.lehrplanplus.bayern.de/fachlehrplan/bos/12/sozialwirtschaft-und-recht	LehrplanPLUS - Berufsoberschule - 12 - Sozialwirtschaft und Recht - Fachlehrpläne	Fachlehrplan Sozialwirtschaft und Recht 12 (S) Berufsoberschule, Sozialwirtschaft und Recht, Jahrgangsstufe 12
https://www.lehrplanplus.bayern.de/fachlehrplan/bos/12/soziologie/s	LehrplanPLUS - Berufsoberschule - 12 - Soziologie - Fachlehrpläne	Fachlehrplan Soziologie 12 (Pflichtfach S) Berufsoberschule, Soziologie, Jahrgangsstufe 12
https://www.lehrplanplus.bayern.de/fachlehrplan/bos/12/soziologie/wahl-abu-t-w-iw-gh	LehrplanPLUS - Berufsoberschule - 12, 13 - Soziologie - Fachlehrpläne	Fachlehrplan Soziologie 12 oder 13 (erweiterndes Wahlpflichtfach ABU, T, W, IW, GH) Berufsoberschule, Soziologie, Jahrgangsstufe 12/13
https://www.lehrplanplus.bayern.de/fachlehrplan/bos/12/spanisch/spanisch_ahr	LehrplanPLUS - Berufsoberschule - 12 - Spanisch - Fachlehrpläne	Fachlehrplan Spanisch 12 (AHR) Berufsoberschule, Spanisch, Jahrgangsstufe 12
https://www.lehrplanplus.bayern.de/fachlehrplan/bos/12/spanisch/spanisch_aufbaukurs	LehrplanPLUS - Berufsoberschule - 12 - Spanisch - Fachlehrpläne	Fachlehrplan Spanisch Aufbaukurs 12 (Pflichtfach IW) Berufsoberschule, Spanisch, Jahrgangsstufe 12
https://www.lehrplanplus.bayern.de/fachlehrplan/bos/12/spanisch/spanisch_fortgefuehrt	LehrplanPLUS - Berufsoberschule - 12, 13 - Spanisch - Fachlehrpläne	Fachlehrplan Spanisch fortgeführt 12 und 13 (erweiterndes Wahlpflichtfach) Berufsoberschule, Spanisch, Jahrgangsstufe 12/13
https://www.lehrplanplus.bayern.de/fachlehrplan/bos/12/spanisch/spanisch_grundkurs	LehrplanPLUS - Berufsoberschule - 12 - Spanisch - Fachlehrpläne	Fachlehrplan Spanisch Grundkurs 12 (Pflichtfach IW) Berufsoberschule, Spanisch, Jahrgangsstufe 12
https://www.lehrplanplus.bayern.de/fachlehrplan/bos/12/sport	LehrplanPLUS - Berufsoberschule - 12, 13 - Sport - Fachlehrpläne	Fachlehrplan Sport 12 und/oder 13 (erweiterndes Wahlpflichtfach) Berufsoberschule, Sport, Jahrgangsstufe 12/13
https://www.lehrplanplus.bayern.de/fachlehrplan/bos/12/studier-und-arbeitstechniken/studier-%20und-arbeitstechniken	LehrplanPLUS - Berufsoberschule - 12 - Studier- und Arbeitstechniken - Fachlehrpläne	Fachlehrplan Studier- und Arbeitstechniken 12 (erweiterndes Wahlpflichtfach) Berufsoberschule, Studier- und Arbeitstechniken, Jahrgangsstufe 12
https://www.lehrplanplus.bayern.de/fachlehrplan/bos/12/technologie/abu	LehrplanPLUS - Berufsoberschule - 12 - Technologie - Fachlehrpläne	Fachlehrplan Technologie 12 (ABU) Berufsoberschule, Technologie, Jahrgangsstufe 12
https://www.lehrplanplus.bayern.de/fachlehrplan/bos/12/technologie/t	LehrplanPLUS - Berufsoberschule - 12 - Technologie - Fachlehrpläne	Fachlehrplan Technologie 12 (T) Berufsoberschule, Technologie, Jahrgangsstufe 12
https://www.lehrplanplus.bayern.de/fachlehrplan/bos/12/volkswirtschaftslehre	LehrplanPLUS - Berufsoberschule - 12 - Volkswirtschaftslehre - Fachlehrpläne	Fachlehrplan Volkswirtschaftslehre 12 (W) Berufsoberschule, Volkswirtschaftslehre, Jahrgangsstufe 12
https://www.lehrplanplus.bayern.de/fachlehrplan/bos/12/wirtschaft-und-recht	LehrplanPLUS - Berufsoberschule - 12, 13 - Wirtschaft und Recht - Fachlehrpläne	Fachlehrplan Wirtschaft und Recht 12 oder 13 (erweiterndes Wahlpflichtfach T, ABU, GH) Berufsoberschule, Wirtschaft und Recht, Jahrgangsstufe 12/13
https://www.lehrplanplus.bayern.de/fachlehrplan/bos/12/wirtschaft_aktuell/w-iw	LehrplanPLUS - Berufsoberschule - 12, 13 - Wirtschaft Aktuell - Fachlehrpläne	Fachlehrplan Wirtschaft Aktuell 12 und/oder 13 (vertiefendes Wahlpflichtfach W, IW) Berufsoberschule, Wirtschaft Aktuell, Jahrgangsstufe 12/13
https://www.lehrplanplus.bayern.de/fachlehrplan/bos/13/aspekte_der_chemie/wahl-s-w-iw-gh	LehrplanPLUS - Berufsoberschule - 13 - Aspekte der Chemie - Fachlehrpläne	Fachlehrplan Aspekte der Chemie 13 (erweiterndes Wahlpflichtfach S, W, IW, GH) Berufsoberschule, Aspekte der Chemie, Jahrgangsstufe 13
https://www.lehrplanplus.bayern.de/fachlehrplan/bos/13/betriebswirtschaftslehre	LehrplanPLUS - Berufsoberschule - 13 - Betriebswirtschaftslehre - Fachlehrpläne	Fachlehrplan Betriebswirtschaftslehre 13 (W) Berufsoberschule, Betriebswirtschaftslehre, Jahrgangsstufe 13
https://www.lehrplanplus.bayern.de/fachlehrplan/bos/13/biologie/abu	LehrplanPLUS - Berufsoberschule - 13 - Biologie - Fachlehrpläne	Fachlehrplan Biologie 13 (ABU) Berufsoberschule, Biologie, Jahrgangsstufe 13
https://www.lehrplanplus.bayern.de/fachlehrplan/bos/13/biologie/g	LehrplanPLUS - Berufsoberschule - 13 - Biologie - Fachlehrpläne	Fachlehrplan Biologie 13 (GH) Berufsoberschule, Biologie, Jahrgangsstufe 13
https://www.lehrplanplus.bayern.de/fachlehrplan/bos/13/biologie/s	LehrplanPLUS - Berufsoberschule - 13 - Biologie - Fachlehrpläne	Fachlehrplan Biologie 13 (S) Berufsoberschule, Biologie, Jahrgangsstufe 13
https://www.lehrplanplus.bayern.de/fachlehrplan/bos/13/biotechnologie	LehrplanPLUS - Berufsoberschule - 13 - Biotechnologie - Fachlehrpläne	Fachlehrplan Biotechnologie 13 (vertiefendes Wahlpflichtfach ABU) Berufsoberschule, Biotechnologie, Jahrgangsstufe 13
https://www.lehrplanplus.bayern.de/fachlehrplan/bos/13/bwl-rechnungswesen	LehrplanPLUS - Berufsoberschule - 13 - Betriebswirtschaftslehre / Rechnungswesen - Fachlehrpläne	Fachlehrplan Betriebswirtschaftslehre/Rechnungswesen 13 (W) Berufsoberschule, Betriebswirtschaftslehre / Rechnungswesen, Jahrgangsstufe 13
https://www.lehrplanplus.bayern.de/fachlehrplan/bos/13/chemie/abu	LehrplanPLUS - Berufsoberschule - 13 - Chemie - Fachlehrpläne	Fachlehrplan Chemie 13 (ABU) Berufsoberschule, Chemie, Jahrgangsstufe 13
https://www.lehrplanplus.bayern.de/fachlehrplan/bos/13/chemie/t	LehrplanPLUS - Berufsoberschule - 13 - Chemie - Fachlehrpläne	Fachlehrplan Chemie 13 (T) Berufsoberschule, Chemie, Jahrgangsstufe 13
https://www.lehrplanplus.bayern.de/fachlehrplan/bos/13/deutsch	Redirecting to /	
https://www.lehrplanplus.bayern.de/fachlehrplan/bos/13/deutsch/gueltig_ab_28_29	LehrplanPLUS - Berufsoberschule - 13 - Deutsch - Fachlehrpläne	Fachlehrplan Deutsch 13, gütlig ab SJ 2028/29 Berufsoberschule, Deutsch, Jahrgangsstufe 13
https://www.lehrplanplus.bayern.de/fachlehrplan/bos/13/englisch/englisch	LehrplanPLUS - Berufsoberschule - 13 - Englisch - Fachlehrpläne	Fachlehrplan Englisch 13 Berufsoberschule, Englisch, Jahrgangsstufe 13
https://www.lehrplanplus.bayern.de/fachlehrplan/bos/13/ethik	LehrplanPLUS - Berufsoberschule - 13 - Ethik - Fachlehrpläne	Fachlehrplan Ethik 13 Berufsoberschule, Ethik, Jahrgangsstufe 13
https://www.lehrplanplus.bayern.de/fachlehrplan/bos/13/evangelische-religionslehre	LehrplanPLUS - Berufsoberschule - 13 - Evangelische Religionslehre - Fachlehrpläne	Fachlehrplan Evangelische Religionslehre 13 Berufsoberschule, Evangelische Religionslehre, Jahrgangsstufe 13
https://www.lehrplanplus.bayern.de/fachlehrplan/bos/13/franzoesisch/franzoesisch_ahr	LehrplanPLUS - Berufsoberschule - 13 - Französisch - Fachlehrpläne	Fachlehrplan Französisch 13 (AHR) Berufsoberschule, Französisch, Jahrgangsstufe 13
https://www.lehrplanplus.bayern.de/fachlehrplan/bos/13/franzoesisch/franzoesisch_aufbaukurs	LehrplanPLUS - Berufsoberschule - 13 - Französisch - Fachlehrpläne	Fachlehrplan Französisch Aufbaukurs 13 (Pflichtfach IW) Berufsoberschule, Französisch, Jahrgangsstufe 13
https://www.lehrplanplus.bayern.de/fachlehrplan/bos/13/franzoesisch/franzoesisch_fortgefuehrt	LehrplanPLUS - Berufsoberschule - 13, 12 - Französisch - Fachlehrpläne	Fachlehrplan Französisch fortgeführt 12 und 13 (erweiterndes Wahlpflichtfach) Berufsoberschule, Französisch, Jahrgangsstufe 13/12
https://www.lehrplanplus.bayern.de/fachlehrplan/bos/13/franzoesisch/franzoesisch_grundkurs	LehrplanPLUS - Berufsoberschule - 13 - Französisch - Fachlehrpläne	Fachlehrplan Französisch Grundkurs 13 (Pflichtfach IW) Berufsoberschule, Französisch, Jahrgangsstufe 13
https://www.lehrplanplus.bayern.de/fachlehrplan/bos/13/gpug-fosbos	LehrplanPLUS - Berufsoberschule - 13 - Geschichte/Politik und Gesellschaft (FOS/BOS) - Fachlehrpläne	Fachlehrplan Geschichte/Politik und Gesellschaft 13 Berufsoberschule, Geschichte/Politik und Gesellschaft (FOS/BOS), Jahrgangsstufe 13
https://www.lehrplanplus.bayern.de/fachlehrplan/bos/13/gw/aktuell	LehrplanPLUS - Berufsoberschule - 13 - Gesundheitswissenschaften - Fachlehrpläne	Fachlehrplan Gesundheitswissenschaften 13 (GH) Berufsoberschule, Gesundheitswissenschaften, Jahrgangsstufe 13
https://www.lehrplanplus.bayern.de/fachlehrplan/bos/13/gw/aktuell_gueltig_ab_28_29	LehrplanPLUS - Berufsoberschule - 13 - Gesundheitswissenschaften - Fachlehrpläne	Fachlehrplan Gesundheitswissenschaften 13 (GH), gültig ab SJ 2028/29 Berufsoberschule, Gesundheitswissenschaften, Jahrgangsstufe 13
https://www.lehrplanplus.bayern.de/fachlehrplan/bos/13/ibv/ibv	LehrplanPLUS - Berufsoberschule - 13 - Internationale Betriebswirtschaftslehre und Volkswirtschaftslehre - Fachlehrpläne	Fachlehrplan Internationale Betriebswirtschaftslehre und Volkswirtschaftslehre 13 (IW) Berufsoberschule, Internationale Betriebswirtschaftslehre und Volkswirtschaftslehre, Jahrgangsstufe 13
https://www.lehrplanplus.bayern.de/fachlehrplan/bos/13/ibv/ibv_gueltig_ab_28_29	LehrplanPLUS - Berufsoberschule - 13 - Internationale Betriebswirtschaftslehre und Volkswirtschaftslehre - Fachlehrpläne	Fachlehrplan Internationale Betriebswirtschaftslehre und Volkswirtschaftslehre 13 (IW), gültig ab SJ 2028/29 Berufsoberschule, Internationale Betriebswirtschaftslehre und Volkswirtschaftslehre, Jahrgangsstufe 13
https://www.lehrplanplus.bayern.de/fachlehrplan/bos/13/informatik/wahl-abu-s-w-gh	LehrplanPLUS - Berufsoberschule - 13 - Informatik - Fachlehrpläne	Fachlehrplan Informatik 13 (vertiefendes Wahlpflichtfach IW, erweiterndes Wahlpflichtfach S, ABU, W, GH) Berufsoberschule, Informatik, Jahrgangsstufe 13
https://www.lehrplanplus.bayern.de/fachlehrplan/bos/13/informatik/wahl-t-iw	LehrplanPLUS - Berufsoberschule - 13 - Informatik - Fachlehrpläne	Fachlehrplan Informatik 13 (vertiefendes Wahlpflichtfach T) Berufsoberschule, Informatik, Jahrgangsstufe 13
https://www.lehrplanplus.bayern.de/fachlehrplan/bos/13/italienisch/italienisch_ahr	LehrplanPLUS - Berufsoberschule - 13 - Italienisch - Fachlehrpläne	Fachlehrplan Italienisch 13 (AHR) Berufsoberschule, Italienisch, Jahrgangsstufe 13
https://www.lehrplanplus.bayern.de/fachlehrplan/bos/13/katholische-religionslehre	LehrplanPLUS - Berufsoberschule - 13 - Katholische Religionslehre - Fachlehrpläne	Fachlehrplan Katholische Religionslehre 13 Berufsoberschule, Katholische Religionslehre, Jahrgangsstufe 13
https://www.lehrplanplus.bayern.de/fachlehrplan/bos/13/ki	LehrplanPLUS - Berufsoberschule - 13 - Kommunikation und Interaktion - Fachlehrpläne	Fachlehrplan Kommunikation und Interaktion 13 (GH) Berufsoberschule, Kommunikation und Interaktion, Jahrgangsstufe 13
https://www.lehrplanplus.bayern.de/fachlehrplan/bos/13/kuenstliche_intelligenz_informatik_u_technologie/abu	LehrplanPLUS - Berufsoberschule - 13 - Künstliche Intelligenz, Informatik und Technologie (KIT) - Fachlehrpläne	Fachlehrplan Künstliche Intelligenz, Informatik und Technologie 13 Berufsoberschule, Künstliche Intelligenz, Informatik und Technologie (KIT), Jahrgangsstufe 13
https://www.lehrplanplus.bayern.de/fachlehrplan/bos/13/kuenstliche_intelligenz_informatik_u_technologie/t	LehrplanPLUS - Berufsoberschule - 13 - Künstliche Intelligenz, Informatik und Technologie (KIT) - Fachlehrpläne	Fachlehrplan Künstliche Intelligenz, Informatik und Technologie 13 Berufsoberschule, Künstliche Intelligenz, Informatik und Technologie (KIT), Jahrgangsstufe 13
https://www.lehrplanplus.bayern.de/fachlehrplan/bos/13/kunst	LehrplanPLUS - Berufsoberschule - 13, 12 - Kunst - Fachlehrpläne	Fachlehrplan Kunst 12 oder 13 (erweiterndes Wahlpflichtfach) Berufsoberschule, Kunst, Jahrgangsstufe 13/12
https://www.lehrplanplus.bayern.de/fachlehrplan/bos/13/latein	LehrplanPLUS - Berufsoberschule - 13 - Latein - Fachlehrpläne	Fachlehrplan Latein 13 (AHR) Berufsoberschule, Latein, Jahrgangsstufe 13
https://www.lehrplanplus.bayern.de/fachlehrplan/bos/13/mathematik/abu-s-w-gh-iw	LehrplanPLUS - Berufsoberschule - 13 - Mathematik - Fachlehrpläne	Fachlehrplan Mathematik 13 (ABU, S, W, GH, IW) Berufsoberschule, Mathematik, Jahrgangsstufe 13
https://www.lehrplanplus.bayern.de/fachlehrplan/bos/13/mathematik/abu-s-w-gh-iw_gueltig_ab_28_29	LehrplanPLUS - Berufsoberschule - 13 - Mathematik - Fachlehrpläne	Fachlehrplan Mathematik 13 (ABU, S, W, GH, IW), gültig ab SJ 2028/29 Berufsoberschule, Mathematik, Jahrgangsstufe 13
https://www.lehrplanplus.bayern.de/fachlehrplan/bos/13/mathematik/t	LehrplanPLUS - Berufsoberschule - 13 - Mathematik - Fachlehrpläne	Fachlehrplan Mathematik 13 (T) Berufsoberschule, Mathematik, Jahrgangsstufe 13
https://www.lehrplanplus.bayern.de/fachlehrplan/bos/13/mathematik/t_gueltig_ab_28_29	LehrplanPLUS - Berufsoberschule - 13 - Mathematik - Fachlehrpläne	Fachlehrplan Mathematik 13 (T), gültig ab SJ 2028/29 Berufsoberschule, Mathematik, Jahrgangsstufe 13
https://www.lehrplanplus.bayern.de/fachlehrplan/bos/13/mathematik/wahl-abu-s-w-t	LehrplanPLUS - Berufsoberschule - 13 - Mathematik - Fachlehrpläne	Fachlehrplan Mathematik Additum 13 Berufsoberschule, Mathematik, Jahrgangsstufe 13
https://www.lehrplanplus.bayern.de/fachlehrplan/bos/13/nt-bo/w-iw	LehrplanPLUS - Berufsoberschule - 13 - Naturwissenschaften - Fachlehrpläne	Fachlehrplan Naturwissenschaften 13 (W, IW) Berufsoberschule, Naturwissenschaften , Jahrgangsstufe 13
https://www.lehrplanplus.bayern.de/fachlehrplan/bos/13/paedagogik-psychologie/s	LehrplanPLUS - Berufsoberschule - 13 - Pädagogik/Psychologie - Fachlehrpläne	Fachlehrplan Pädagogik/Psychologie 13 (S) Berufsoberschule, Pädagogik/Psychologie, Jahrgangsstufe 13
https://www.lehrplanplus.bayern.de/fachlehrplan/bos/13/paedagogik-psychologie/s_gueltig_ab_28_29	LehrplanPLUS - Berufsoberschule - 13 - Pädagogik/Psychologie - Fachlehrpläne	Fachlehrplan Pädagogik/Psychologie 13 (S), gültig ab SJ 2028/29 Berufsoberschule, Pädagogik/Psychologie, Jahrgangsstufe 13
https://www.lehrplanplus.bayern.de/fachlehrplan/bos/13/physik/s-w-gh-iw	LehrplanPLUS - Berufsoberschule - 13 - Physik - Fachlehrpläne	Fachlehrplan Aspekte der Physik 13 (erweiterndes Wahlplichtfach S,W, GH, IW) Berufsoberschule, Physik, Jahrgangsstufe 13
https://www.lehrplanplus.bayern.de/fachlehrplan/bos/13/physik/t	LehrplanPLUS - Berufsoberschule - 13 - Physik - Fachlehrpläne	Fachlehrplan Physik 13 (T) Berufsoberschule, Physik, Jahrgangsstufe 13
https://www.lehrplanplus.bayern.de/fachlehrplan/bos/13/physik/t_gueltig_ab_28_29	LehrplanPLUS - Berufsoberschule - 13 - Physik - Fachlehrpläne	Fachlehrplan Physik 13 (T), gültig ab SJ 2028/29 Berufsoberschule, Physik, Jahrgangsstufe 13
https://www.lehrplanplus.bayern.de/fachlehrplan/bos/13/physik/wahl-abu	LehrplanPLUS - Berufsoberschule - 13 - Physik - Fachlehrpläne	Fachlehrplan Physik Additum 13 (ABU) Berufsoberschule, Physik, Jahrgangsstufe 13
https://www.lehrplanplus.bayern.de/fachlehrplan/bos/13/russisch/russisch_ahr	LehrplanPLUS - Berufsoberschule - 13 - Russisch - Fachlehrpläne	Fachlehrplan Russisch 13 (AHR) Berufsoberschule, Russisch, Jahrgangsstufe 13
https://www.lehrplanplus.bayern.de/fachlehrplan/bos/13/sozialwirtschaft-und-recht	LehrplanPLUS - Berufsoberschule - 13 - Sozialwirtschaft und Recht - Fachlehrpläne	Fachlehrplan Sozialwirtschaft und Recht 13 (S) Berufsoberschule, Sozialwirtschaft und Recht, Jahrgangsstufe 13
https://www.lehrplanplus.bayern.de/fachlehrplan/bos/13/spanisch/spanisch_ahr	LehrplanPLUS - Berufsoberschule - 13 - Spanisch - Fachlehrpläne	Fachlehrplan Spanisch 13 (AHR) Berufsoberschule, Spanisch, Jahrgangsstufe 13
https://www.lehrplanplus.bayern.de/fachlehrplan/bos/13/spanisch/spanisch_aufbaukurs	LehrplanPLUS - Berufsoberschule - 13 - Spanisch - Fachlehrpläne	Fachlehrplan Spanisch Aufbaukurs 13 (Pflichtfach IW) Berufsoberschule, Spanisch, Jahrgangsstufe 13
https://www.lehrplanplus.bayern.de/fachlehrplan/bos/13/spanisch/spanisch_grundkurs	LehrplanPLUS - Berufsoberschule - 13 - Spanisch - Fachlehrpläne	Fachlehrplan Spanisch Grundkurs 13 (Pflichtfach IW) Berufsoberschule, Spanisch, Jahrgangsstufe 13
https://www.lehrplanplus.bayern.de/fachlehrplan/bos/13/technologie/abu	LehrplanPLUS - Berufsoberschule - 13 - Technologie - Fachlehrpläne	Fachlehrplan Technologie 13 (ABU) Berufsoberschule, Technologie, Jahrgangsstufe 13
https://www.lehrplanplus.bayern.de/fachlehrplan/bos/13/technologie/t	LehrplanPLUS - Berufsoberschule - 13 - Technologie - Fachlehrpläne	Fachlehrplan Technologie 13 (T) Berufsoberschule, Technologie, Jahrgangsstufe 13
https://www.lehrplanplus.bayern.de/fachlehrplan/bos/13/volkswirtschaftslehre	LehrplanPLUS - Berufsoberschule - 13 - Volkswirtschaftslehre - Fachlehrpläne	Fachlehrplan Volkswirtschaftslehre 13 (W) Berufsoberschule, Volkswirtschaftslehre, Jahrgangsstufe 13
https://www.lehrplanplus.bayern.de/fachlehrplan/fos/10/betriebswirtschaftslehre	LehrplanPLUS - Fachoberschule - 10 - Betriebswirtschaftslehre - Fachlehrpläne	Fachlehrplan Betriebswirtschaftslehre Vorklasse (W) Fachoberschule, Betriebswirtschaftslehre, Jahrgangsstufe 10
https://www.lehrplanplus.bayern.de/fachlehrplan/fos/10/biologie/abu	LehrplanPLUS - Fachoberschule - 10 - Biologie - Fachlehrpläne	Fachlehrplan Biologie Vorklasse (ABU) Fachoberschule, Biologie, Jahrgangsstufe 10
https://www.lehrplanplus.bayern.de/fachlehrplan/fos/10/biologie/s-gh	LehrplanPLUS - Fachoberschule - 10 - Biologie - Fachlehrpläne	Fachlehrplan Biologie Vorklasse (S, GH) Fachoberschule, Biologie, Jahrgangsstufe 10
https://www.lehrplanplus.bayern.de/fachlehrplan/fos/10/bwl-rechnungswesen	LehrplanPLUS - Fachoberschule - 10 - Betriebswirtschaftslehre / Rechnungswesen - Fachlehrpläne	Fachlehrplan Betriebswirtschaftslehre/Rechnungswesen Vorklasse (W) Fachoberschule, Betriebswirtschaftslehre / Rechnungswesen, Jahrgangsstufe 10
https://www.lehrplanplus.bayern.de/fachlehrplan/fos/10/chemie/abu-t-s-gh	LehrplanPLUS - Fachoberschule - 10 - Chemie - Fachlehrpläne	Fachlehrplan Chemie Vorklasse (ABU, T, S, GH) Fachoberschule, Chemie, Jahrgangsstufe 10
https://www.lehrplanplus.bayern.de/fachlehrplan/fos/10/deutsch/vorklasse	LehrplanPLUS - Fachoberschule - 10 - Deutsch - Fachlehrpläne	Fachlehrplan Deutsch Vorklasse Fachoberschule, Deutsch, Jahrgangsstufe 10
https://www.lehrplanplus.bayern.de/fachlehrplan/fos/10/deutsch/vorklasse_gueltig_ab_26_27	LehrplanPLUS - Fachoberschule - 10 - Deutsch - Fachlehrpläne	Fachlehrplan Deutsch Vorklasse, gültig ab SJ 2026/27 Fachoberschule, Deutsch, Jahrgangsstufe 10
https://www.lehrplanplus.bayern.de/fachlehrplan/fos/10/deutsch/vorkurs	LehrplanPLUS - Fachoberschule - 10 - Deutsch - Fachlehrpläne	Fachlehrplan Deutsch Vorkurs Fachoberschule, Deutsch, Jahrgangsstufe 10
https://www.lehrplanplus.bayern.de/fachlehrplan/fos/10/deutsch/vorkurs_guelitg_ab_26_27	LehrplanPLUS - Fachoberschule - 10 - Deutsch - Fachlehrpläne	Fachlehrplan Deutsch Vorkurs, gültig ab SJ 2026/27 Fachoberschule, Deutsch, Jahrgangsstufe 10
https://www.lehrplanplus.bayern.de/fachlehrplan/fos/10/englisch/vorklasse	LehrplanPLUS - Fachoberschule - 10 - Englisch - Fachlehrpläne	Fachlehrplan Englisch Vorklasse Fachoberschule, Englisch, Jahrgangsstufe 10
https://www.lehrplanplus.bayern.de/fachlehrplan/fos/10/englisch/vorkurs	LehrplanPLUS - Fachoberschule - 10 - Englisch - Fachlehrpläne	Fachlehrplan Englisch Vorkurs Fachoberschule, Englisch, Jahrgangsstufe 10
https://www.lehrplanplus.bayern.de/fachlehrplan/fos/10/ethik	LehrplanPLUS - Fachoberschule - 10 - Ethik - Fachlehrpläne	Fachlehrplan Ethik Vorklasse Fachoberschule, Ethik, Jahrgangsstufe 10
https://www.lehrplanplus.bayern.de/fachlehrplan/fos/10/evangelische-religionslehre	LehrplanPLUS - Fachoberschule - 10 - Evangelische Religionslehre - Fachlehrpläne	Fachlehrplan Evangelische Religionslehre Vorklasse Fachoberschule, Evangelische Religionslehre, Jahrgangsstufe 10
https://www.lehrplanplus.bayern.de/fachlehrplan/fos/10/gpug-fosbos	LehrplanPLUS - Fachoberschule - 10 - Geschichte/Politik und Gesellschaft (FOS/BOS) - Fachlehrpläne	Fachlehrplan Geschichte/Politik und Gesellschaft Vorklasse Fachoberschule, Geschichte/Politik und Gesellschaft (FOS/BOS), Jahrgangsstufe 10
https://www.lehrplanplus.bayern.de/fachlehrplan/fos/10/gw/aktuell	LehrplanPLUS - Fachoberschule - 10 - Gesundheitswissenschaften - Fachlehrpläne	Fachlehrplan Gesundheitswissenschaften Vorklasse (GH) Fachoberschule, Gesundheitswissenschaften, Jahrgangsstufe 10
https://www.lehrplanplus.bayern.de/fachlehrplan/fos/10/gw/aktuell_gueltig_ab_26_27	LehrplanPLUS - Fachoberschule - 10 - Gesundheitswissenschaften - Fachlehrpläne	Fachlehrplan Gesundheitswissenschaften Vorklasse (GH), gültig ab SJ 2026/27 Fachoberschule, Gesundheitswissenschaften, Jahrgangsstufe 10
https://www.lehrplanplus.bayern.de/fachlehrplan/fos/10/ibv/ibv	LehrplanPLUS - Fachoberschule - 10 - Internationale Betriebswirtschaftslehre und Volkswirtschaftslehre - Fachlehrpläne	Fachlehrplan Internationale Betriebswirtschaftslehre und Volkswirtschaftslehre Vorklasse (IW) Fachoberschule, Internationale Betriebswirtschaftslehre und Volkswirtschaftslehre, Jahrgangsstufe 10
https://www.lehrplanplus.bayern.de/fachlehrplan/fos/10/ibv/ibv_gueltig_ab_26_27	LehrplanPLUS - Fachoberschule - 10 - Internationale Betriebswirtschaftslehre und Volkswirtschaftslehre - Fachlehrpläne	Fachlehrplan Internationale Betriebswirtschaftslehre und Volkswirtschaftslehre Vorklasse (IW), gültig ab SJ 2026/27 Fachoberschule, Internationale Betriebswirtschaftslehre und Volkswirtschaftslehre, Jahrgangsstufe 10
https://www.lehrplanplus.bayern.de/fachlehrplan/fos/10/katholische-religionslehre	LehrplanPLUS - Fachoberschule - 10 - Katholische Religionslehre - Fachlehrpläne	Fachlehrplan Katholische Religionslehre Vorklasse Fachoberschule, Katholische Religionslehre, Jahrgangsstufe 10
https://www.lehrplanplus.bayern.de/fachlehrplan/fos/10/kuenstliche_intelligenz_informatik_u_technologie/t	LehrplanPLUS - Fachoberschule - 10 - Künstliche Intelligenz, Informatik und Technologie (KIT) - Fachlehrpläne	Fachlehrplan Künstliche Intelligenz, Informatik und Technologie 10 Fachoberschule, Künstliche Intelligenz, Informatik und Technologie (KIT), Jahrgangsstufe 10
https://www.lehrplanplus.bayern.de/fachlehrplan/fos/10/mathematik/vorklasse	LehrplanPLUS - Fachoberschule - 10 - Mathematik - Fachlehrpläne	Fachlehrplan Mathematik Vorklasse Fachoberschule, Mathematik, Jahrgangsstufe 10
https://www.lehrplanplus.bayern.de/fachlehrplan/fos/10/mathematik/vorkurs	LehrplanPLUS - Fachoberschule - 10 - Mathematik - Fachlehrpläne	Fachlehrplan Mathematik Vorkurs Fachoberschule, Mathematik, Jahrgangsstufe 10
https://www.lehrplanplus.bayern.de/fachlehrplan/fos/10/nt-bo/w-g-iw	LehrplanPLUS - Fachoberschule - 10 - Naturwissenschaften - Fachlehrpläne	Fachlehrplan Naturwissenschaften Vorklasse (W, G, IW) Fachoberschule, Naturwissenschaften , Jahrgangsstufe 10
https://www.lehrplanplus.bayern.de/fachlehrplan/fos/10/paedagogik-psychologie/s	LehrplanPLUS - Fachoberschule - 10 - Pädagogik/Psychologie - Fachlehrpläne	Fachlehrplan Pädagogik/Psychologie Vorklasse (S) Fachoberschule, Pädagogik/Psychologie, Jahrgangsstufe 10
https://www.lehrplanplus.bayern.de/fachlehrplan/fos/10/physik/abu-t	LehrplanPLUS - Fachoberschule - 10 - Physik - Fachlehrpläne	Fachlehrplan Physik Vorklasse (T, ABU) Fachoberschule, Physik, Jahrgangsstufe 10
https://www.lehrplanplus.bayern.de/fachlehrplan/fos/10/technologie/abu-t	LehrplanPLUS - Fachoberschule - 10 - Technologie - Fachlehrpläne	Fachlehrplan Technologie Vorklasse (ABU, T) Fachoberschule, Technologie, Jahrgangsstufe 10
https://www.lehrplanplus.bayern.de/fachlehrplan/fos/11/betriebswirtschaftslehre	LehrplanPLUS - Fachoberschule - 11 - Betriebswirtschaftslehre - Fachlehrpläne	Fachlehrplan Betriebswirtschaftslehre 11 (W) Fachoberschule, Betriebswirtschaftslehre, Jahrgangsstufe 11
https://www.lehrplanplus.bayern.de/fachlehrplan/fos/11/biologie/abu	LehrplanPLUS - Fachoberschule - 11 - Biologie - Fachlehrpläne	Fachlehrplan Biologie 11 (ABU) Fachoberschule, Biologie, Jahrgangsstufe 11
https://www.lehrplanplus.bayern.de/fachlehrplan/fos/11/bwl-rechnungswesen	LehrplanPLUS - Fachoberschule - 11 - Betriebswirtschaftslehre / Rechnungswesen - Fachlehrpläne	Fachlehrplan Betriebswirtschaftslehre/Rechnungswesen 11 (W) Fachoberschule, Betriebswirtschaftslehre / Rechnungswesen, Jahrgangsstufe 11
https://www.lehrplanplus.bayern.de/fachlehrplan/fos/11/chemie/abu	LehrplanPLUS - Fachoberschule - 11 - Chemie - Fachlehrpläne	Fachlehrplan Chemie 11 (ABU) Fachoberschule, Chemie, Jahrgangsstufe 11
https://www.lehrplanplus.bayern.de/fachlehrplan/fos/11/chemie/gh	LehrplanPLUS - Fachoberschule - 11 - Chemie - Fachlehrpläne	Fachlehrplan Chemie 11 (GH) Fachoberschule, Chemie, Jahrgangsstufe 11
https://www.lehrplanplus.bayern.de/fachlehrplan/fos/11/chemie/s	LehrplanPLUS - Fachoberschule - 11 - Chemie - Fachlehrpläne	Fachlehrplan Chemie 11 (S) Fachoberschule, Chemie, Jahrgangsstufe 11
https://www.lehrplanplus.bayern.de/fachlehrplan/fos/11/chemie/t	LehrplanPLUS - Fachoberschule - 11 - Chemie - Fachlehrpläne	Fachlehrplan Chemie 11 (T) Fachoberschule, Chemie, Jahrgangsstufe 11
https://www.lehrplanplus.bayern.de/fachlehrplan/fos/11/deutsch/gueltig_ab_26_27	LehrplanPLUS - Fachoberschule - 11 - Deutsch - Fachlehrpläne	Fachlehrplan Deutsch 11, gültig ab SJ 2026/27 Fachoberschule, Deutsch, Jahrgangsstufe 11
https://www.lehrplanplus.bayern.de/fachlehrplan/fos/11/deutsch/gueltig_bis_26_27	LehrplanPLUS - Fachoberschule - 11 - Deutsch - Fachlehrpläne	Fachlehrplan Deutsch 11 Fachoberschule, Deutsch, Jahrgangsstufe 11
https://www.lehrplanplus.bayern.de/fachlehrplan/fos/11/englisch	LehrplanPLUS - Fachoberschule - 11 - Englisch - Fachlehrpläne	Fachlehrplan Englisch 11 Fachoberschule, Englisch, Jahrgangsstufe 11
https://www.lehrplanplus.bayern.de/fachlehrplan/fos/11/fpa/abu-taetigkeit	LehrplanPLUS - Fachoberschule - 11 - Fachpraktische Ausbildung - Fachlehrpläne	Fachlehrplan Agrarwirtschaft, Bio- und Umwelttechnologie – fachpraktische Tätigkeit und Anleitung Fachoberschule, Fachpraktische Ausbildung, Jahrgangsstufe 11
https://www.lehrplanplus.bayern.de/fachlehrplan/fos/11/fpa/abu-vertiefung	LehrplanPLUS - Fachoberschule - 11 - Fachpraktische Ausbildung - Fachlehrpläne	Fachlehrplan Agrarwirtschaft, Bio- und Umwelttechnologie – fachpraktische Vertiefung Fachoberschule, Fachpraktische Ausbildung, Jahrgangsstufe 11
https://www.lehrplanplus.bayern.de/fachlehrplan/fos/11/fpa/g-taetigkeit	LehrplanPLUS - Fachoberschule - 11 - Fachpraktische Ausbildung - Fachlehrpläne	Fachlehrplan Gestaltung – fachpraktische Tätigkeit und Anleitung Fachoberschule, Fachpraktische Ausbildung, Jahrgangsstufe 11
https://www.lehrplanplus.bayern.de/fachlehrplan/fos/11/fpa/g-vertiefung	LehrplanPLUS - Fachoberschule - 11 - Fachpraktische Ausbildung - Fachlehrpläne	Fachlehrplan Gestaltung – fachpraktische Vertiefung Fachoberschule, Fachpraktische Ausbildung, Jahrgangsstufe 11
https://www.lehrplanplus.bayern.de/fachlehrplan/fos/11/fpa/gesundheit-taetigkeit	LehrplanPLUS - Fachoberschule - 11 - Fachpraktische Ausbildung - Fachlehrpläne	Fachlehrplan Gesundheit – fachpraktische Tätigkeit und Anleitung Fachoberschule, Fachpraktische Ausbildung, Jahrgangsstufe 11
https://www.lehrplanplus.bayern.de/fachlehrplan/fos/11/fpa/gesundheit-vertiefung	LehrplanPLUS - Fachoberschule - 11 - Fachpraktische Ausbildung - Fachlehrpläne	Fachlehrplan Gesundheit – fachpraktische Vertiefung Fachoberschule, Fachpraktische Ausbildung, Jahrgangsstufe 11
https://www.lehrplanplus.bayern.de/fachlehrplan/fos/11/fpa/internat-wirtschaft-vertiefung	LehrplanPLUS - Fachoberschule - 11 - Fachpraktische Ausbildung - Fachlehrpläne	Fachlehrplan Internationale Wirtschaft – fachpraktische Vertiefung Fachoberschule, Fachpraktische Ausbildung, Jahrgangsstufe 11
https://www.lehrplanplus.bayern.de/fachlehrplan/fos/11/fpa/iw-taetigkeit	LehrplanPLUS - Fachoberschule - 11 - Fachpraktische Ausbildung - Fachlehrpläne	Fachlehrplan Internationale Wirtschaft – fachpraktische Tätigkeit und Anleitung Fachoberschule, Fachpraktische Ausbildung, Jahrgangsstufe 11
https://www.lehrplanplus.bayern.de/fachlehrplan/fos/11/fpa/s-taetigkeit	LehrplanPLUS - Fachoberschule - 11 - Fachpraktische Ausbildung - Fachlehrpläne	Fachlehrplan Sozialwesen – fachpraktische Tätigkeit und Anleitung Fachoberschule, Fachpraktische Ausbildung, Jahrgangsstufe 11
https://www.lehrplanplus.bayern.de/fachlehrplan/fos/11/fpa/s-vertiefung	LehrplanPLUS - Fachoberschule - 11 - Fachpraktische Ausbildung - Fachlehrpläne	Fachlehrplan Sozialwesen – fachpraktische Vertiefung Fachoberschule, Fachpraktische Ausbildung, Jahrgangsstufe 11
https://www.lehrplanplus.bayern.de/fachlehrplan/fos/11/fpa/t-taetigkeit	LehrplanPLUS - Fachoberschule - 11 - Fachpraktische Ausbildung - Fachlehrpläne	Fachlehrplan Technik – fachpraktische Tätigkeit und Anleitung Fachoberschule, Fachpraktische Ausbildung, Jahrgangsstufe 11
https://www.lehrplanplus.bayern.de/fachlehrplan/fos/11/fpa/t-vertiefung	LehrplanPLUS - Fachoberschule - 11 - Fachpraktische Ausbildung - Fachlehrpläne	Fachlehrplan Technik – fachpraktische Vertiefung Fachoberschule, Fachpraktische Ausbildung, Jahrgangsstufe 11
https://www.lehrplanplus.bayern.de/fachlehrplan/fos/11/fpa/w-taetigkeit	LehrplanPLUS - Fachoberschule - 11 - Fachpraktische Ausbildung - Fachlehrpläne	Fachlehrplan Wirtschaft und Verwaltung – fachpraktische Tätigkeit und Anleitung Fachoberschule, Fachpraktische Ausbildung, Jahrgangsstufe 11
https://www.lehrplanplus.bayern.de/fachlehrplan/fos/11/fpa/w-vertiefung	LehrplanPLUS - Fachoberschule - 11 - Fachpraktische Ausbildung - Fachlehrpläne	Fachlehrplan Wirtschaft und Verwaltung – fachpraktische Vertiefung Fachoberschule, Fachpraktische Ausbildung, Jahrgangsstufe 11
https://www.lehrplanplus.bayern.de/fachlehrplan/fos/11/geschichte	LehrplanPLUS - Fachoberschule - 11 - Geschichte - Fachlehrpläne	Fachlehrplan Geschichte 11 Fachoberschule, Geschichte, Jahrgangsstufe 11
https://www.lehrplanplus.bayern.de/fachlehrplan/fos/11/gestaltung/praxis	LehrplanPLUS - Fachoberschule - 11 - Gestaltung - Fachlehrpläne	Fachlehrplan Gestaltung &ndash; Praxis 11 Fachoberschule, Gestaltung, Jahrgangsstufe 11
https://www.lehrplanplus.bayern.de/fachlehrplan/fos/11/gestaltung/theorie	LehrplanPLUS - Fachoberschule - 11 - Gestaltung - Fachlehrpläne	Fachlehrplan Gestaltung &ndash; Theorie 11 Fachoberschule, Gestaltung, Jahrgangsstufe 11
https://www.lehrplanplus.bayern.de/fachlehrplan/fos/11/gw/aktuell	LehrplanPLUS - Fachoberschule - 11 - Gesundheitswissenschaften - Fachlehrpläne	Fachlehrplan Gesundheitswissenschaften 11 (GH) Fachoberschule, Gesundheitswissenschaften, Jahrgangsstufe 11
https://www.lehrplanplus.bayern.de/fachlehrplan/fos/11/gw/aktuell_gueltig_ab_26_27	LehrplanPLUS - Fachoberschule - 11 - Gesundheitswissenschaften - Fachlehrpläne	Fachlehrplan Gesundheitswissenschaften 11 (GH), gültig ab SJ 2026/27 Fachoberschule, Gesundheitswissenschaften, Jahrgangsstufe 11
https://www.lehrplanplus.bayern.de/fachlehrplan/fos/11/ibv/ibv	LehrplanPLUS - Fachoberschule - 11 - Internationale Betriebswirtschaftslehre und Volkswirtschaftslehre - Fachlehrpläne	Fachlehrplan Internationale Betriebswirtschaftslehre und Volkswirtschaftslehre 11 (IW) Fachoberschule, Internationale Betriebswirtschaftslehre und Volkswirtschaftslehre, Jahrgangsstufe 11
https://www.lehrplanplus.bayern.de/fachlehrplan/fos/11/ibv/ibv_gueltig_ab_26_27	LehrplanPLUS - Fachoberschule - 11 - Internationale Betriebswirtschaftslehre und Volkswirtschaftslehre - Fachlehrpläne	Fachlehrplan Internationale Betriebswirtschaftslehre und Volkswirtschaftslehre 11 (IW), gültig ab SJ 2026/27 Fachoberschule, Internationale Betriebswirtschaftslehre und Volkswirtschaftslehre, Jahrgangsstufe 11
https://www.lehrplanplus.bayern.de/fachlehrplan/fos/11/ki	LehrplanPLUS - Fachoberschule - 11 - Kommunikation und Interaktion - Fachlehrpläne	Fachlehrplan Kommunikation und Interaktion 11 (GH) Fachoberschule, Kommunikation und Interaktion, Jahrgangsstufe 11
https://www.lehrplanplus.bayern.de/fachlehrplan/fos/11/kuenstliche_intelligenz_informatik_u_technologie/t	LehrplanPLUS - Fachoberschule - 11 - Künstliche Intelligenz, Informatik und Technologie (KIT) - Fachlehrpläne	Fachlehrplan Künstliche Intelligenz, Informatik und Technologie 11 Fachoberschule, Künstliche Intelligenz, Informatik und Technologie (KIT), Jahrgangsstufe 11
https://www.lehrplanplus.bayern.de/fachlehrplan/fos/11/mathematik/abu-g-s-w-gh-iw	LehrplanPLUS - Fachoberschule - 11 - Mathematik - Fachlehrpläne	Fachlehrplan Mathematik 11 (ABU, G, S, W, GH, IW) Fachoberschule, Mathematik, Jahrgangsstufe 11
https://www.lehrplanplus.bayern.de/fachlehrplan/fos/11/mathematik/abu-g-s-w-gh-iw_gueltig_ab_26_27	LehrplanPLUS - Fachoberschule - 11 - Mathematik - Fachlehrpläne	Fachlehrplan Mathematik 11 (ABU, G, S, W, GH, IW), gültig ab SJ 2026/27 Fachoberschule, Mathematik, Jahrgangsstufe 11
https://www.lehrplanplus.bayern.de/fachlehrplan/fos/11/mathematik/t	LehrplanPLUS - Fachoberschule - 11 - Mathematik - Fachlehrpläne	Fachlehrplan Mathematik 11 (T) Fachoberschule, Mathematik, Jahrgangsstufe 11
https://www.lehrplanplus.bayern.de/fachlehrplan/fos/11/mathematik/t_gueltig_ab_26_27	LehrplanPLUS - Fachoberschule - 11 - Mathematik - Fachlehrpläne	Fachlehrplan Mathematik 11 (T), gültig ab SJ 2026/27 Fachoberschule, Mathematik, Jahrgangsstufe 11
https://www.lehrplanplus.bayern.de/fachlehrplan/fos/11/medien	LehrplanPLUS - Fachoberschule - 11 - Medien - Fachlehrpläne	Fachlehrplan Medien 11 (G) Fachoberschule, Medien, Jahrgangsstufe 11
https://www.lehrplanplus.bayern.de/fachlehrplan/fos/11/paedagogik-psychologie/s	LehrplanPLUS - Fachoberschule - 11 - Pädagogik/Psychologie - Fachlehrpläne	Fachlehrplan Pädagogik/Psychologie 11 (S) Fachoberschule, Pädagogik/Psychologie, Jahrgangsstufe 11
https://www.lehrplanplus.bayern.de/fachlehrplan/fos/11/paedagogik-psychologie/s_gueltig_ab_26_27	LehrplanPLUS - Fachoberschule - 11 - Pädagogik/Psychologie - Fachlehrpläne	Fachlehrplan Pädagogik/Psychologie 11 (S), gültig ab SJ 2026/27 Fachoberschule, Pädagogik/Psychologie, Jahrgangsstufe 11
https://www.lehrplanplus.bayern.de/fachlehrplan/fos/11/physik/abu	LehrplanPLUS - Fachoberschule - 11 - Physik - Fachlehrpläne	Fachlehrplan Physik 11 (ABU) Fachoberschule, Physik, Jahrgangsstufe 11
https://www.lehrplanplus.bayern.de/fachlehrplan/fos/11/physik/t	LehrplanPLUS - Fachoberschule - 11 - Physik - Fachlehrpläne	Fachlehrplan Physik 11 (T) Fachoberschule, Physik, Jahrgangsstufe 11
https://www.lehrplanplus.bayern.de/fachlehrplan/fos/11/physik/t_gueltig_ab_26_27	LehrplanPLUS - Fachoberschule - 11 - Physik - Fachlehrpläne	Fachlehrplan Physik 11 (T), gültig ab SJ 2026/27 Fachoberschule, Physik, Jahrgangsstufe 11
https://www.lehrplanplus.bayern.de/fachlehrplan/fos/11/rechtslehre/iw	LehrplanPLUS - Fachoberschule - 11 - Rechtslehre - Fachlehrpläne	Fachlehrplan Rechtslehre 11 (IW) Fachoberschule, Rechtslehre, Jahrgangsstufe 11
https://www.lehrplanplus.bayern.de/fachlehrplan/fos/11/rechtslehre/w	LehrplanPLUS - Fachoberschule - 11 - Rechtslehre - Fachlehrpläne	Fachlehrplan Rechtslehre 11 (W) Fachoberschule, Rechtslehre, Jahrgangsstufe 11
https://www.lehrplanplus.bayern.de/fachlehrplan/fos/11/sozialwirtschaft-und-recht	LehrplanPLUS - Fachoberschule - 11 - Sozialwirtschaft und Recht - Fachlehrpläne	Fachlehrplan Sozialwirtschaft und Recht 11 (S) Fachoberschule, Sozialwirtschaft und Recht, Jahrgangsstufe 11
https://www.lehrplanplus.bayern.de/fachlehrplan/fos/11/technologie/t	LehrplanPLUS - Fachoberschule - 11 - Technologie - Fachlehrpläne	Fachlehrplan Technologie 11 (T) Fachoberschule, Technologie, Jahrgangsstufe 11
https://www.lehrplanplus.bayern.de/fachlehrplan/fos/11/volkswirtschaftslehre	LehrplanPLUS - Fachoberschule - 11 - Volkswirtschaftslehre - Fachlehrpläne	Fachlehrplan Volkswirtschaftslehre 11 (W) Fachoberschule, Volkswirtschaftslehre, Jahrgangsstufe 11
https://www.lehrplanplus.bayern.de/fachlehrplan/fos/12/aph/aph12-g-s-w-gh-iw	LehrplanPLUS - Fachoberschule - 12 - Aspekte der Physik - Fachlehrpläne	Fachlehrplan Aspekte der Physik 12 (erweiterndes Wahlplichtfach G, S, W, GH, IW) Fachoberschule, Aspekte der Physik, Jahrgangsstufe 12
https://www.lehrplanplus.bayern.de/fachlehrplan/fos/12/aspekte_der_chemie/wahl-g-w-iw	LehrplanPLUS - Fachoberschule - 12 - Aspekte der Chemie - Fachlehrpläne	Fachlehrplan Aspekte der Chemie 12 (erweiterndes Wahlpflichtfach G, W, IW) Fachoberschule, Aspekte der Chemie, Jahrgangsstufe 12
https://www.lehrplanplus.bayern.de/fachlehrplan/fos/12/aspekte_der_psychologie/wahl-abu-g-t-w-iw-gh	LehrplanPLUS - Fachoberschule - 12, 13 - Aspekte der Psychologie - Fachlehrpläne	Fachlehrplan Aspekte der Psychologie 12 oder 13 (erweiterndes Wahlpflichtfach T, ABU, G, W, IW, GH) Fachoberschule, Aspekte der Psychologie, Jahrgangsstufe 12/13
https://www.lehrplanplus.bayern.de/fachlehrplan/fos/12/betriebswirtschaftslehre	LehrplanPLUS - Fachoberschule - 12 - Betriebswirtschaftslehre - Fachlehrpläne	Fachlehrplan Betriebswirtschaftslehre 12 (W) Fachoberschule, Betriebswirtschaftslehre, Jahrgangsstufe 12
https://www.lehrplanplus.bayern.de/fachlehrplan/fos/12/biologie/abu	LehrplanPLUS - Fachoberschule - 12 - Biologie - Fachlehrpläne	Fachlehrplan Biologie 12 (ABU) Fachoberschule, Biologie, Jahrgangsstufe 12
https://www.lehrplanplus.bayern.de/fachlehrplan/fos/12/biologie/g	LehrplanPLUS - Fachoberschule - 12 - Biologie - Fachlehrpläne	Fachlehrplan Biologie 12 (GH) Fachoberschule, Biologie, Jahrgangsstufe 12
https://www.lehrplanplus.bayern.de/fachlehrplan/fos/12/biologie/s	LehrplanPLUS - Fachoberschule - 12 - Biologie - Fachlehrpläne	Fachlehrplan Biologie 12 (S) Fachoberschule, Biologie, Jahrgangsstufe 12
https://www.lehrplanplus.bayern.de/fachlehrplan/fos/12/biologie/wahl-g-t-w-iw	LehrplanPLUS - Fachoberschule - 12, 13 - Biologie - Fachlehrpläne	Fachlehrplan Aspekte der Biologie 12 oder 13 (erweiterndes Wahlpflichtfach G, T, W, IW) Fachoberschule, Biologie, Jahrgangsstufe 12/13
https://www.lehrplanplus.bayern.de/fachlehrplan/fos/12/biotechnologie	LehrplanPLUS - Fachoberschule - 12 - Biotechnologie - Fachlehrpläne	Fachlehrplan Biotechnologie 12 (vertiefendes Wahlpflichtfach ABU) Fachoberschule, Biotechnologie, Jahrgangsstufe 12
https://www.lehrplanplus.bayern.de/fachlehrplan/fos/12/bwl-rechnungswesen	LehrplanPLUS - Fachoberschule - 12 - Betriebswirtschaftslehre / Rechnungswesen - Fachlehrpläne	Fachlehrplan Betriebswirtschaftslehre/Rechnungswesen 12 (W) Fachoberschule, Betriebswirtschaftslehre / Rechnungswesen, Jahrgangsstufe 12
https://www.lehrplanplus.bayern.de/fachlehrplan/fos/12/chemie/abu	LehrplanPLUS - Fachoberschule - 12 - Chemie - Fachlehrpläne	Fachlehrplan Chemie 12 (ABU) Fachoberschule, Chemie, Jahrgangsstufe 12
https://www.lehrplanplus.bayern.de/fachlehrplan/fos/12/chemie/gh	LehrplanPLUS - Fachoberschule - 12 - Chemie - Fachlehrpläne	Fachlehrplan Chemie 12 (GH) Fachoberschule, Chemie, Jahrgangsstufe 12
https://www.lehrplanplus.bayern.de/fachlehrplan/fos/12/chemie/t	LehrplanPLUS - Fachoberschule - 12 - Chemie - Fachlehrpläne	Fachlehrplan Chemie 12 (T) Fachoberschule, Chemie, Jahrgangsstufe 12
https://www.lehrplanplus.bayern.de/fachlehrplan/fos/12/deutsch/gueltig_ab_27_28	LehrplanPLUS - Fachoberschule - 12 - Deutsch - Fachlehrpläne	Fachlehrplan Deutsch 12, gültig ab SJ 2027/28 Fachoberschule, Deutsch, Jahrgangsstufe 12
https://www.lehrplanplus.bayern.de/fachlehrplan/fos/12/deutsch/gueltig_bis_26_27	LehrplanPLUS - Fachoberschule - 12 - Deutsch - Fachlehrpläne	Fachlehrplan Deutsch 12 Fachoberschule, Deutsch, Jahrgangsstufe 12
https://www.lehrplanplus.bayern.de/fachlehrplan/fos/12/ebc/englischbookclub	LehrplanPLUS - Fachoberschule - 12, 13 - English Book Club - Fachlehrpläne	Fachlehrplan English Book Club 12 oder 13 (erweiterndes Wahlpflichtfach) Fachoberschule, English Book Club, Jahrgangsstufe 12/13
https://www.lehrplanplus.bayern.de/fachlehrplan/fos/12/englisch/englisch%20	LehrplanPLUS - Fachoberschule - 12 - Englisch - Fachlehrpläne	Fachlehrplan Englisch 12 Fachoberschule, Englisch, Jahrgangsstufe 12
https://www.lehrplanplus.bayern.de/fachlehrplan/fos/12/ethik	LehrplanPLUS - Fachoberschule - 12 - Ethik - Fachlehrpläne	Fachlehrplan Ethik 12 Fachoberschule, Ethik, Jahrgangsstufe 12
https://www.lehrplanplus.bayern.de/fachlehrplan/fos/12/evangelische-religionslehre	LehrplanPLUS - Fachoberschule - 12 - Evangelische Religionslehre - Fachlehrpläne	Fachlehrplan Evangelische Religionslehre 12 Fachoberschule, Evangelische Religionslehre, Jahrgangsstufe 12
https://www.lehrplanplus.bayern.de/fachlehrplan/fos/12/experimentelles_gestalten/wahl	LehrplanPLUS - Fachoberschule - 12, 13 - Experimentelles Gestalten - Fachlehrpläne	Fachlehrplan Experimentielles Gestalten 12 und/oder 13 (vertiefendes Wahlpflichtfach G) Fachoberschule, Experimentelles Gestalten, Jahrgangsstufe 12/13
https://www.lehrplanplus.bayern.de/fachlehrplan/fos/12/franzoesisch/franzoesisch_ahr	LehrplanPLUS - Fachoberschule - 12 - Französisch - Fachlehrpläne	Fachlehrplan Französisch 12 (AHR) Fachoberschule, Französisch, Jahrgangsstufe 12
https://www.lehrplanplus.bayern.de/fachlehrplan/fos/12/franzoesisch/franzoesisch_aufbaukurs	LehrplanPLUS - Fachoberschule - 12, 11 - Französisch - Fachlehrpläne	Fachlehrplan Französisch Aufbaukurs 11/12 (Pflichtfach IW) Fachoberschule, Französisch, Jahrgangsstufe 12/11
https://www.lehrplanplus.bayern.de/fachlehrplan/fos/12/franzoesisch/franzoesisch_grundkurs	LehrplanPLUS - Fachoberschule - 12, 11 - Französisch - Fachlehrpläne	Fachlehrplan Französisch Grundkurs 11/12 (Pflichtfach IW) Fachoberschule, Französisch, Jahrgangsstufe 12/11
https://www.lehrplanplus.bayern.de/fachlehrplan/fos/12/gestaltung/praxis	LehrplanPLUS - Fachoberschule - 12 - Gestaltung - Fachlehrpläne	Fachlehrplan Gestaltung &ndash; Praxis 12 Fachoberschule, Gestaltung, Jahrgangsstufe 12
https://www.lehrplanplus.bayern.de/fachlehrplan/fos/12/gestaltung/theorie	LehrplanPLUS - Fachoberschule - 12 - Gestaltung - Fachlehrpläne	Fachlehrplan Gestaltung &ndash; Theorie 12 Fachoberschule, Gestaltung, Jahrgangsstufe 12
https://www.lehrplanplus.bayern.de/fachlehrplan/fos/12/gw/aktuell	LehrplanPLUS - Fachoberschule - 12 - Gesundheitswissenschaften - Fachlehrpläne	Fachlehrplan Gesundheitswissenschaften 12 (GH) Fachoberschule, Gesundheitswissenschaften, Jahrgangsstufe 12
https://www.lehrplanplus.bayern.de/fachlehrplan/fos/12/gw/aktuell_gueltig_ab_27_28	LehrplanPLUS - Fachoberschule - 12 - Gesundheitswissenschaften - Fachlehrpläne	Fachlehrplan Gesundheitswissenschaften 12 (GH), gültig ab SJ 2027/28 Fachoberschule, Gesundheitswissenschaften, Jahrgangsstufe 12
https://www.lehrplanplus.bayern.de/fachlehrplan/fos/12/gwr	LehrplanPLUS - Fachoberschule - 12, 13 - Gesundheitswirtschaft und Recht - Fachlehrpläne	Fachlehrplan Gesundheitswirtschaft und Recht 12 oder 13 (erweiterndes Wahlpflichtfach GH) Fachoberschule, Gesundheitswirtschaft und Recht, Jahrgangsstufe 12/13
https://www.lehrplanplus.bayern.de/fachlehrplan/fos/12/ibv/ibv	LehrplanPLUS - Fachoberschule - 12 - Internationale Betriebswirtschaftslehre und Volkswirtschaftslehre - Fachlehrpläne	Fachlehrplan Internationale Betriebswirtschaftslehre und Volkswirtschaftslehre 12 (IW) Fachoberschule, Internationale Betriebswirtschaftslehre und Volkswirtschaftslehre, Jahrgangsstufe 12
https://www.lehrplanplus.bayern.de/fachlehrplan/fos/12/ibv/ibv_gueltig_ab_27_28	LehrplanPLUS - Fachoberschule - 12 - Internationale Betriebswirtschaftslehre und Volkswirtschaftslehre - Fachlehrpläne	Fachlehrplan Internationale Betriebswirtschaftslehre und Volkswirtschaftslehre 12 (IW), gültig ab SJ 2027/28 Fachoberschule, Internationale Betriebswirtschaftslehre und Volkswirtschaftslehre, Jahrgangsstufe 12
https://www.lehrplanplus.bayern.de/fachlehrplan/fos/12/informatik/w-s-abu-g-gh	LehrplanPLUS - Fachoberschule - 12 - Informatik - Fachlehrpläne	Fachlehrplan Informatik 12 (Profilfach W, vertiefendes Wahlpflichtfach IW, erweiterndes Wahlpflichtfach S, ABU, G, GH) Fachoberschule, Informatik, Jahrgangsstufe 12
https://www.lehrplanplus.bayern.de/fachlehrplan/fos/12/informatik/wahl-t-iw	LehrplanPLUS - Fachoberschule - 12 - Informatik - Fachlehrpläne	Fachlehrplan Informatik 12 (vertiefendes Wahlpflichtfach T) Fachoberschule, Informatik, Jahrgangsstufe 12
https://www.lehrplanplus.bayern.de/fachlehrplan/fos/12/internationale_politik	LehrplanPLUS - Fachoberschule - 12, 13 - Internationale Politik - Fachlehrpläne	Fachlehrplan Internationale Politik 12 oder 13 (erweiterndes Wahlpflichtfach, bilingual) Fachoberschule, Internationale Politik, Jahrgangsstufe 12/13
https://www.lehrplanplus.bayern.de/fachlehrplan/fos/12/isb/pflicht-iw	LehrplanPLUS - Fachoberschule - 12 - International Business Studies - Fachlehrpläne	Fachlehrplan International Business Studies 12 (Pflichtfach IW) Fachoberschule, International Business Studies, Jahrgangsstufe 12
https://www.lehrplanplus.bayern.de/fachlehrplan/fos/12/isb/wahl-abu-g-t-w-s-gh	LehrplanPLUS - Fachoberschule - 12, 13 - International Business Studies - Fachlehrpläne	Fachlehrplan International Business Studies 12 oder 13 (erweiterndes Wahlpflichtfach ABU, G, T, W, S, GH) Fachoberschule, International Business Studies, Jahrgangsstufe 12/13
https://www.lehrplanplus.bayern.de/fachlehrplan/fos/12/italienisch/italienisch_ahr	LehrplanPLUS - Fachoberschule - 12 - Italienisch - Fachlehrpläne	Fachlehrplan Italienisch 12 (AHR) Fachoberschule, Italienisch, Jahrgangsstufe 12
https://www.lehrplanplus.bayern.de/fachlehrplan/fos/12/katholische-religionslehre	LehrplanPLUS - Fachoberschule - 12 - Katholische Religionslehre - Fachlehrpläne	Fachlehrplan Katholische Religionslehre 12 Fachoberschule, Katholische Religionslehre, Jahrgangsstufe 12
https://www.lehrplanplus.bayern.de/fachlehrplan/fos/12/ki	LehrplanPLUS - Fachoberschule - 12 - Kommunikation und Interaktion - Fachlehrpläne	Fachlehrplan Kommunikation und Interaktion 12 (GH) Fachoberschule, Kommunikation und Interaktion, Jahrgangsstufe 12
https://www.lehrplanplus.bayern.de/fachlehrplan/fos/12/kuenstliche_intelligenz_informatik_u_technologie/abu	LehrplanPLUS - Fachoberschule - 12 - Künstliche Intelligenz, Informatik und Technologie (KIT) - Fachlehrpläne	Fachlehrplan Künstliche Intelligenz, Informatik und Technologie 12 Fachoberschule, Künstliche Intelligenz, Informatik und Technologie (KIT), Jahrgangsstufe 12
https://www.lehrplanplus.bayern.de/fachlehrplan/fos/12/kuenstliche_intelligenz_informatik_u_technologie/t	LehrplanPLUS - Fachoberschule - 12 - Künstliche Intelligenz, Informatik und Technologie (KIT) - Fachlehrpläne	Fachlehrplan Künstliche Intelligenz, Informatik und Technologie 12 Fachoberschule, Künstliche Intelligenz, Informatik und Technologie (KIT), Jahrgangsstufe 12
https://www.lehrplanplus.bayern.de/fachlehrplan/fos/12/kuenstliche_intelligenz_u_wirtschaftsinformatik/w_iw	LehrplanPLUS - Fachoberschule - 12 - Künstliche Intelligenz und Wirtschaftsinformatik (KIWI) - Fachlehrpläne	Fachlehrplan Künstliche Intelligenz und Wirtschaftsinformatik 12 Fachoberschule, Künstliche Intelligenz und Wirtschaftsinformatik (KIWI), Jahrgangsstufe 12
https://www.lehrplanplus.bayern.de/fachlehrplan/fos/12/kunst	LehrplanPLUS - Fachoberschule - 12, 13 - Kunst - Fachlehrpläne	Fachlehrplan Kunst 12 oder 13 (erweiterndes Wahlpflichtfach) Fachoberschule, Kunst, Jahrgangsstufe 12/13
https://www.lehrplanplus.bayern.de/fachlehrplan/fos/12/latein	LehrplanPLUS - Fachoberschule - 12 - Latein - Fachlehrpläne	Fachlehrplan Latein 12 (AHR) Fachoberschule, Latein, Jahrgangsstufe 12
https://www.lehrplanplus.bayern.de/fachlehrplan/fos/12/mathematik/Wahl-abu-g-s-w-gh-iw	LehrplanPLUS - Fachoberschule - 12 - Mathematik - Fachlehrpläne	Fachlehrplan Mathematik Additum 12 (ABU, G, S, W, GH, IW) Fachoberschule, Mathematik, Jahrgangsstufe 12
https://www.lehrplanplus.bayern.de/fachlehrplan/fos/12/mathematik/abu-g-s-w-gh-iw	LehrplanPLUS - Fachoberschule - 12 - Mathematik - Fachlehrpläne	Fachlehrplan Mathematik 12 (ABU, G, S, W, GH, IW) Fachoberschule, Mathematik, Jahrgangsstufe 12
https://www.lehrplanplus.bayern.de/fachlehrplan/fos/12/mathematik/abu-g-s-w-gh-iw_gueltig_ab_27_28	LehrplanPLUS - Fachoberschule - 12 - Mathematik - Fachlehrpläne	Fachlehrplan Mathematik 12 (ABU, G, S, W, GH, IW), gültig ab SJ 2027/28 Fachoberschule, Mathematik, Jahrgangsstufe 12
https://www.lehrplanplus.bayern.de/fachlehrplan/fos/12/mathematik/add-t_gueltig_ab_27_28	LehrplanPLUS - Fachoberschule - 12 - Mathematik - Fachlehrpläne	Fachlehrplan Mathematik Additum 12 (T), gültig ab SJ 2027/28 Fachoberschule, Mathematik, Jahrgangsstufe 12
https://www.lehrplanplus.bayern.de/fachlehrplan/fos/12/mathematik/t	LehrplanPLUS - Fachoberschule - 12 - Mathematik - Fachlehrpläne	Fachlehrplan Mathematik 12 (T) Fachoberschule, Mathematik, Jahrgangsstufe 12
https://www.lehrplanplus.bayern.de/fachlehrplan/fos/12/mathematik/t_gueltig_ab_27_28	LehrplanPLUS - Fachoberschule - 12 - Mathematik - Fachlehrpläne	Fachlehrplan Mathematik 12 (T), gültig ab SJ 2027/28 Fachoberschule, Mathematik, Jahrgangsstufe 12
https://www.lehrplanplus.bayern.de/fachlehrplan/fos/12/mathematik/wahl-t	LehrplanPLUS - Fachoberschule - 12 - Mathematik - Fachlehrpläne	Fachlehrplan Mathematik Additum 12 (T) Fachoberschule, Mathematik, Jahrgangsstufe 12
https://www.lehrplanplus.bayern.de/fachlehrplan/fos/12/medien	LehrplanPLUS - Fachoberschule - 12 - Medien - Fachlehrpläne	Fachlehrplan Medien 12 (G) Fachoberschule, Medien, Jahrgangsstufe 12
https://www.lehrplanplus.bayern.de/fachlehrplan/fos/12/musik	LehrplanPLUS - Fachoberschule - 12, 13 - Musik - Fachlehrpläne	Fachlehrplan Musik 12 oder 13 (erweiterndes Wahlpflichtfach) Fachoberschule, Musik, Jahrgangsstufe 12/13
https://www.lehrplanplus.bayern.de/fachlehrplan/fos/12/nt-bo/g	LehrplanPLUS - Fachoberschule - 12 - Naturwissenschaften - Fachlehrpläne	Fachlehrplan Naturwissenschaften 12 (G) Fachoberschule, Naturwissenschaften , Jahrgangsstufe 12
https://www.lehrplanplus.bayern.de/fachlehrplan/fos/12/nt-bo/w-iw	LehrplanPLUS - Fachoberschule - 12 - Naturwissenschaften - Fachlehrpläne	Fachlehrplan Naturwissenschaften 12 (W, IW) Fachoberschule, Naturwissenschaften , Jahrgangsstufe 12
https://www.lehrplanplus.bayern.de/fachlehrplan/fos/12/paedagogik-psychologie/s	LehrplanPLUS - Fachoberschule - 12 - Pädagogik/Psychologie - Fachlehrpläne	Fachlehrplan Pädagogik/Psychologie 12 (S) Fachoberschule, Pädagogik/Psychologie, Jahrgangsstufe 12
https://www.lehrplanplus.bayern.de/fachlehrplan/fos/12/paedagogik-psychologie/s_gueltig_ab_27_28	LehrplanPLUS - Fachoberschule - 12 - Pädagogik/Psychologie - Fachlehrpläne	Fachlehrplan Pädagogik/Psychologie 12 (S), gültig ab SJ 2027/28 Fachoberschule, Pädagogik/Psychologie, Jahrgangsstufe 12
https://www.lehrplanplus.bayern.de/fachlehrplan/fos/12/physik/abu	LehrplanPLUS - Fachoberschule - 12 - Physik - Fachlehrpläne	Fachlehrplan Physik 12 (ABU) Fachoberschule, Physik, Jahrgangsstufe 12
https://www.lehrplanplus.bayern.de/fachlehrplan/fos/12/physik/t	LehrplanPLUS - Fachoberschule - 12 - Physik - Fachlehrpläne	Fachlehrplan Physik 12 (T) Fachoberschule, Physik, Jahrgangsstufe 12
https://www.lehrplanplus.bayern.de/fachlehrplan/fos/12/physik/t_gueltig_ab_27_28	LehrplanPLUS - Fachoberschule - 12 - Physik - Fachlehrpläne	Fachlehrplan Physik 12 (T), gültig ab SJ 2027/28 Fachoberschule, Physik, Jahrgangsstufe 12
https://www.lehrplanplus.bayern.de/fachlehrplan/fos/12/pug	LehrplanPLUS - Fachoberschule - 12 - Politik und Gesellschaft - Fachlehrpläne	Fachlehrplan Politik und Gesellschaft 12 Fachoberschule, Politik und Gesellschaft, Jahrgangsstufe 12
https://www.lehrplanplus.bayern.de/fachlehrplan/fos/12/russisch/russisch_ahr	LehrplanPLUS - Fachoberschule - 12 - Russisch - Fachlehrpläne	Fachlehrplan Russisch 12 (AHR) Fachoberschule, Russisch, Jahrgangsstufe 12
https://www.lehrplanplus.bayern.de/fachlehrplan/fos/12/sg	LehrplanPLUS - Fachoberschule - 12, 13 - Spektrum der Gesundheit - Fachlehrpläne	Fachlehrplan Spektrum der Gesundheit 12 und/oder 13 (vertiefendes Wahlpflichtfach GH, profilerweiterndes Wahlpflichtfach S) Fachoberschule, Spektrum der Gesundheit, Jahrgangsstufe 12/13
https://www.lehrplanplus.bayern.de/fachlehrplan/fos/12/sozialpsychologie	LehrplanPLUS - Fachoberschule - 12, 13 - Sozialpsychologie - Fachlehrpläne	Fachlehrplan Sozialpsychologie 12 und/oder 13 (vertiefendes Wahlpflichtfach S, profilerweiterndes Wahlpflichtfach GH) Fachoberschule, Sozialpsychologie, Jahrgangsstufe 12/13
https://www.lehrplanplus.bayern.de/fachlehrplan/fos/12/sozialwirtschaft-und-recht	LehrplanPLUS - Fachoberschule - 12 - Sozialwirtschaft und Recht - Fachlehrpläne	Fachlehrplan Sozialwirtschaft und Recht 12 (S) Fachoberschule, Sozialwirtschaft und Recht, Jahrgangsstufe 12
https://www.lehrplanplus.bayern.de/fachlehrplan/fos/12/soziologie/abu-g-t-w-iw-gh	LehrplanPLUS - Fachoberschule - 12, 13 - Soziologie - Fachlehrpläne	Fachlehrplan Soziologie 12 oder 13 (erweiterndes Wahlpflichtfach ABU, G, T, W, IW, GH) Fachoberschule, Soziologie, Jahrgangsstufe 12/13
https://www.lehrplanplus.bayern.de/fachlehrplan/fos/12/soziologie/s	LehrplanPLUS - Fachoberschule - 12 - Soziologie - Fachlehrpläne	Fachlehrplan Soziologie 12 (Pflichtfach S) Fachoberschule, Soziologie, Jahrgangsstufe 12
https://www.lehrplanplus.bayern.de/fachlehrplan/fos/12/spanisch/spanisch_ahr	LehrplanPLUS - Fachoberschule - 12 - Spanisch - Fachlehrpläne	Fachlehrplan Spanisch 12 (AHR) Fachoberschule, Spanisch, Jahrgangsstufe 12
https://www.lehrplanplus.bayern.de/fachlehrplan/fos/12/spanisch/spanisch_aufbaukurs	LehrplanPLUS - Fachoberschule - 12, 11 - Spanisch - Fachlehrpläne	Fachlehrplan Spanisch Aufbaukurs 11/12 (Pflichtfach IW) Fachoberschule, Spanisch, Jahrgangsstufe 12/11
https://www.lehrplanplus.bayern.de/fachlehrplan/fos/12/spanisch/spanisch_fortgefuehrt	LehrplanPLUS - Fachoberschule - 12, 13 - Spanisch - Fachlehrpläne	Fachlehrplan Spanisch fortgeführt 12 und 13 (erweiterndes Wahlpflichtfach) Fachoberschule, Spanisch, Jahrgangsstufe 12/13
https://www.lehrplanplus.bayern.de/fachlehrplan/fos/12/spanisch/spanisch_grundkurs	LehrplanPLUS - Fachoberschule - 12, 11 - Spanisch - Fachlehrpläne	Fachlehrplan Spanisch Grundkurs 11/12 (Pflichtfach IW) Fachoberschule, Spanisch, Jahrgangsstufe 12/11
https://www.lehrplanplus.bayern.de/fachlehrplan/fos/12/sport	LehrplanPLUS - Fachoberschule - 12 - Sport - Fachlehrpläne	Fachlehrplan Sport 12 Fachoberschule, Sport, Jahrgangsstufe 12
https://www.lehrplanplus.bayern.de/fachlehrplan/fos/12/studier-und-arbeitstechniken/studier-und-arbeitstechniken	LehrplanPLUS - Fachoberschule - 12 - Studier- und Arbeitstechniken - Fachlehrpläne	Fachlehrplan Studier- und Arbeitstechniken 12 (erweiterndes Wahlpflichtfach) Fachoberschule, Studier- und Arbeitstechniken, Jahrgangsstufe 12
https://www.lehrplanplus.bayern.de/fachlehrplan/fos/12/technologie/abu	LehrplanPLUS - Fachoberschule - 12 - Technologie - Fachlehrpläne	Fachlehrplan Technologie 12 (ABU) Fachoberschule, Technologie, Jahrgangsstufe 12
https://www.lehrplanplus.bayern.de/fachlehrplan/fos/12/technologie/t	LehrplanPLUS - Fachoberschule - 12 - Technologie - Fachlehrpläne	Fachlehrplan Technologie 12 (T) Fachoberschule, Technologie, Jahrgangsstufe 12
https://www.lehrplanplus.bayern.de/fachlehrplan/fos/12/volkswirtschaftslehre	LehrplanPLUS - Fachoberschule - 12 - Volkswirtschaftslehre - Fachlehrpläne	Fachlehrplan Volkswirtschaftslehre 12 (W) Fachoberschule, Volkswirtschaftslehre, Jahrgangsstufe 12
https://www.lehrplanplus.bayern.de/fachlehrplan/fos/12/wirtschaft-und-recht	LehrplanPLUS - Fachoberschule - 12, 13 - Wirtschaft und Recht - Fachlehrpläne	Fachlehrplan Wirtschaft und Recht 12 oder 13 (erweiterndes Wahlpflichtfach T, ABU, G, GH) Fachoberschule, Wirtschaft und Recht, Jahrgangsstufe 12/13
https://www.lehrplanplus.bayern.de/fachlehrplan/fos/12/wirtschaft_aktuell/w-iw	LehrplanPLUS - Fachoberschule - 12, 13 - Wirtschaft Aktuell - Fachlehrpläne	Fachlehrplan Wirtschaft Aktuell 12 und/oder 13 (vertiefendes Wahlpflichtfach W, IW) Fachoberschule, Wirtschaft Aktuell, Jahrgangsstufe 12/13
https://www.lehrplanplus.bayern.de/fachlehrplan/fos/13/aph/aph13-g-s-w-gh-iw	LehrplanPLUS - Fachoberschule - 13 - Aspekte der Physik - Fachlehrpläne	Fachlehrplan Aspekte der Physik 13 (erweiterndes Wahlplichtfach G, S, W, GH, IW) Fachoberschule, Aspekte der Physik, Jahrgangsstufe 13
https://www.lehrplanplus.bayern.de/fachlehrplan/fos/13/aspekte_der_chemie/wahl-g-s-w-iw	LehrplanPLUS - Fachoberschule - 13 - Aspekte der Chemie - Fachlehrpläne	Fachlehrplan Aspekte der Chemie 13 (erweiterndes Wahlpflichtfach G, S, W, IW) Fachoberschule, Aspekte der Chemie, Jahrgangsstufe 13
https://www.lehrplanplus.bayern.de/fachlehrplan/fos/13/betriebswirtschaftslehre	LehrplanPLUS - Fachoberschule - 13 - Betriebswirtschaftslehre - Fachlehrpläne	Fachlehrplan Betriebswirtschaftslehre 13 (W) Fachoberschule, Betriebswirtschaftslehre, Jahrgangsstufe 13
https://www.lehrplanplus.bayern.de/fachlehrplan/fos/13/biologie/abu	LehrplanPLUS - Fachoberschule - 13 - Biologie - Fachlehrpläne	Fachlehrplan Biologie 13 (ABU) Fachoberschule, Biologie, Jahrgangsstufe 13
https://www.lehrplanplus.bayern.de/fachlehrplan/fos/13/biologie/g	LehrplanPLUS - Fachoberschule - 13 - Biologie - Fachlehrpläne	Fachlehrplan Biologie 13 (GH) Fachoberschule, Biologie, Jahrgangsstufe 13
https://www.lehrplanplus.bayern.de/fachlehrplan/fos/13/biologie/s	LehrplanPLUS - Fachoberschule - 13 - Biologie - Fachlehrpläne	Fachlehrplan Biologie 13 (S) Fachoberschule, Biologie, Jahrgangsstufe 13
https://www.lehrplanplus.bayern.de/fachlehrplan/fos/13/biotechnologie	LehrplanPLUS - Fachoberschule - 13 - Biotechnologie - Fachlehrpläne	Fachlehrplan Biotechnologie 13 (vertiefendes Wahlpflichtfach ABU) Fachoberschule, Biotechnologie, Jahrgangsstufe 13
https://www.lehrplanplus.bayern.de/fachlehrplan/fos/13/bwl-rechnungswesen	LehrplanPLUS - Fachoberschule - 13 - Betriebswirtschaftslehre / Rechnungswesen - Fachlehrpläne	Fachlehrplan Betriebswirtschaftslehre/Rechnungswesen 13 (W) Fachoberschule, Betriebswirtschaftslehre / Rechnungswesen, Jahrgangsstufe 13
https://www.lehrplanplus.bayern.de/fachlehrplan/fos/13/chemie/abu	LehrplanPLUS - Fachoberschule - 13 - Chemie - Fachlehrpläne	Fachlehrplan Chemie 13 (ABU) Fachoberschule, Chemie, Jahrgangsstufe 13
https://www.lehrplanplus.bayern.de/fachlehrplan/fos/13/chemie/t	LehrplanPLUS - Fachoberschule - 13 - Chemie - Fachlehrpläne	Fachlehrplan Chemie 13 (T) Fachoberschule, Chemie, Jahrgangsstufe 13
https://www.lehrplanplus.bayern.de/fachlehrplan/fos/13/deutsch/gueltig_ab_28_29	LehrplanPLUS - Fachoberschule - 13 - Deutsch - Fachlehrpläne	Fachlehrplan Deutsch 13, gütlig ab SJ 2028/29 Fachoberschule, Deutsch, Jahrgangsstufe 13
https://www.lehrplanplus.bayern.de/fachlehrplan/fos/13/deutsch/gueltig_bis_26_27	LehrplanPLUS - Fachoberschule - 13 - Deutsch - Fachlehrpläne	Fachlehrplan Deutsch 13 Fachoberschule, Deutsch, Jahrgangsstufe 13
https://www.lehrplanplus.bayern.de/fachlehrplan/fos/13/englisch/englisch	LehrplanPLUS - Fachoberschule - 13 - Englisch - Fachlehrpläne	Fachlehrplan Englisch 13 Fachoberschule, Englisch, Jahrgangsstufe 13
https://www.lehrplanplus.bayern.de/fachlehrplan/fos/13/ethik	LehrplanPLUS - Fachoberschule - 13 - Ethik - Fachlehrpläne	Fachlehrplan Ethik 13 Fachoberschule, Ethik, Jahrgangsstufe 13
https://www.lehrplanplus.bayern.de/fachlehrplan/fos/13/evangelische-religionslehre	LehrplanPLUS - Fachoberschule - 13 - Evangelische Religionslehre - Fachlehrpläne	Fachlehrplan Evangelische Religionslehre 13 Fachoberschule, Evangelische Religionslehre, Jahrgangsstufe 13
https://www.lehrplanplus.bayern.de/fachlehrplan/fos/13/franzoesisch/franzoesisch_ahr	LehrplanPLUS - Fachoberschule - 13 - Französisch - Fachlehrpläne	Fachlehrplan Französisch 13 (AHR) Fachoberschule, Französisch, Jahrgangsstufe 13
https://www.lehrplanplus.bayern.de/fachlehrplan/fos/13/franzoesisch/franzoesisch_aufbaukurs	LehrplanPLUS - Fachoberschule - 13 - Französisch - Fachlehrpläne	Fachlehrplan Französisch Aufbaukurs 13 (Pflichtfach IW) Fachoberschule, Französisch, Jahrgangsstufe 13
https://www.lehrplanplus.bayern.de/fachlehrplan/fos/13/franzoesisch/franzoesisch_fortgefuehrt	LehrplanPLUS - Fachoberschule - 13, 12 - Französisch - Fachlehrpläne	Fachlehrplan Französisch fortgeführt 12 und 13 (erweiterndes Wahlpflichtfach) Fachoberschule, Französisch, Jahrgangsstufe 13/12
https://www.lehrplanplus.bayern.de/fachlehrplan/fos/13/franzoesisch/franzoesisch_grundkurs	LehrplanPLUS - Fachoberschule - 13 - Französisch - Fachlehrpläne	Fachlehrplan Französisch Grundkurs 13 (Pflichtfach IW) Fachoberschule, Französisch, Jahrgangsstufe 13
https://www.lehrplanplus.bayern.de/fachlehrplan/fos/13/gestaltung/g	LehrplanPLUS - Fachoberschule - 13 - Gestaltung - Fachlehrpläne	Fachlehrplan Gestaltung &ndash; Praxis/Theorie 13 Fachoberschule, Gestaltung, Jahrgangsstufe 13
https://www.lehrplanplus.bayern.de/fachlehrplan/fos/13/gpug-fosbos	LehrplanPLUS - Fachoberschule - 13 - Geschichte/Politik und Gesellschaft (FOS/BOS) - Fachlehrpläne	Fachlehrplan Geschichte/Politik und Gesellschaft 13 Fachoberschule, Geschichte/Politik und Gesellschaft (FOS/BOS), Jahrgangsstufe 13
https://www.lehrplanplus.bayern.de/fachlehrplan/fos/13/gw/aktuell	LehrplanPLUS - Fachoberschule - 13 - Gesundheitswissenschaften - Fachlehrpläne	Fachlehrplan Gesundheitswissenschaften 13 (GH) Fachoberschule, Gesundheitswissenschaften, Jahrgangsstufe 13
https://www.lehrplanplus.bayern.de/fachlehrplan/fos/13/gw/aktuell_gueltig_ab_28_29	LehrplanPLUS - Fachoberschule - 13 - Gesundheitswissenschaften - Fachlehrpläne	Fachlehrplan Gesundheitswissenschaften 13 (GH), gültig ab SJ 2028/29 Fachoberschule, Gesundheitswissenschaften, Jahrgangsstufe 13
https://www.lehrplanplus.bayern.de/fachlehrplan/fos/13/ibv/ibv	LehrplanPLUS - Fachoberschule - 13 - Internationale Betriebswirtschaftslehre und Volkswirtschaftslehre - Fachlehrpläne	Fachlehrplan Internationale Betriebswirtschaftslehre und Volkswirtschaftslehre 13 (IW) Fachoberschule, Internationale Betriebswirtschaftslehre und Volkswirtschaftslehre, Jahrgangsstufe 13
https://www.lehrplanplus.bayern.de/fachlehrplan/fos/13/ibv/ibv_gueltig_ab_28_29	LehrplanPLUS - Fachoberschule - 13 - Internationale Betriebswirtschaftslehre und Volkswirtschaftslehre - Fachlehrpläne	Fachlehrplan Internationale Betriebswirtschaftslehre und Volkswirtschaftslehre 13 (IW), gültig ab SJ 2028/29 Fachoberschule, Internationale Betriebswirtschaftslehre und Volkswirtschaftslehre, Jahrgangsstufe 13
https://www.lehrplanplus.bayern.de/fachlehrplan/fos/13/informatik/w-s-abu-g-gh	LehrplanPLUS - Fachoberschule - 13 - Informatik - Fachlehrpläne	Fachlehrplan Informatik 13 (vertiefendes Wahlpflichtfach IW, erweiterndes Wahlpflichtfach S, ABU, G, W, GH) Fachoberschule, Informatik, Jahrgangsstufe 13
https://www.lehrplanplus.bayern.de/fachlehrplan/fos/13/informatik/wahl-t-iw	LehrplanPLUS - Fachoberschule - 13 - Informatik - Fachlehrpläne	Fachlehrplan Informatik 13 (vertiefendes Wahlpflichtfach T) Fachoberschule, Informatik, Jahrgangsstufe 13
https://www.lehrplanplus.bayern.de/fachlehrplan/fos/13/italienisch/italienisch_ahr	LehrplanPLUS - Fachoberschule - 13 - Italienisch - Fachlehrpläne	Fachlehrplan Italienisch 13 (AHR) Fachoberschule, Italienisch, Jahrgangsstufe 13
https://www.lehrplanplus.bayern.de/fachlehrplan/fos/13/katholische-religionslehre	LehrplanPLUS - Fachoberschule - 13 - Katholische Religionslehre - Fachlehrpläne	Fachlehrplan Katholische Religionslehre 13 Fachoberschule, Katholische Religionslehre, Jahrgangsstufe 13
https://www.lehrplanplus.bayern.de/fachlehrplan/fos/13/ki	LehrplanPLUS - Fachoberschule - 13 - Kommunikation und Interaktion - Fachlehrpläne	Fachlehrplan Kommunikation und Interaktion 13 (GH) Fachoberschule, Kommunikation und Interaktion, Jahrgangsstufe 13
https://www.lehrplanplus.bayern.de/fachlehrplan/fos/13/kuenstliche_intelligenz_informatik_u_technologie/abu	LehrplanPLUS - Fachoberschule - 13 - Künstliche Intelligenz, Informatik und Technologie (KIT) - Fachlehrpläne	Fachlehrplan Künstliche Intelligenz, Informatik und Technologie 13 Fachoberschule, Künstliche Intelligenz, Informatik und Technologie (KIT), Jahrgangsstufe 13
https://www.lehrplanplus.bayern.de/fachlehrplan/fos/13/kuenstliche_intelligenz_informatik_u_technologie/t	LehrplanPLUS - Fachoberschule - 13 - Künstliche Intelligenz, Informatik und Technologie (KIT) - Fachlehrpläne	Fachlehrplan Künstliche Intelligenz, Informatik und Technologie 13 Fachoberschule, Künstliche Intelligenz, Informatik und Technologie (KIT), Jahrgangsstufe 13
https://www.lehrplanplus.bayern.de/fachlehrplan/fos/13/latein	LehrplanPLUS - Fachoberschule - 13 - Latein - Fachlehrpläne	Fachlehrplan Latein 13 (AHR) Fachoberschule, Latein, Jahrgangsstufe 13
https://www.lehrplanplus.bayern.de/fachlehrplan/fos/13/mathematik/abu-g-s-w-gh-iw	LehrplanPLUS - Fachoberschule - 13 - Mathematik - Fachlehrpläne	Fachlehrplan Mathematik 13 (ABU, G, S, W, GH, IW) Fachoberschule, Mathematik, Jahrgangsstufe 13
https://www.lehrplanplus.bayern.de/fachlehrplan/fos/13/mathematik/abu-g_s-w-gh-iw_gueltig_ab_28_29	LehrplanPLUS - Fachoberschule - 13 - Mathematik - Fachlehrpläne	Fachlehrplan Mathematik 13 (ABU, G, S, W, GH, IW), gültig ab SJ 2028/29 Fachoberschule, Mathematik, Jahrgangsstufe 13
https://www.lehrplanplus.bayern.de/fachlehrplan/fos/13/mathematik/t	LehrplanPLUS - Fachoberschule - 13 - Mathematik - Fachlehrpläne	Fachlehrplan Mathematik 13 (T) Fachoberschule, Mathematik, Jahrgangsstufe 13
https://www.lehrplanplus.bayern.de/fachlehrplan/fos/13/mathematik/t_gueltig_ab_28_29	LehrplanPLUS - Fachoberschule - 13 - Mathematik - Fachlehrpläne	Fachlehrplan Mathematik 13 (T), gültig ab SJ 2028/29 Fachoberschule, Mathematik, Jahrgangsstufe 13
https://www.lehrplanplus.bayern.de/fachlehrplan/fos/13/mathematik/wahl-abu-g-s-w-t	LehrplanPLUS - Fachoberschule - 13 - Mathematik - Fachlehrpläne	Fachlehrplan Mathematik Additum 13 Fachoberschule, Mathematik, Jahrgangsstufe 13
https://www.lehrplanplus.bayern.de/fachlehrplan/fos/13/medien	LehrplanPLUS - Fachoberschule - 13 - Medien - Fachlehrpläne	Fachlehrplan Medien 13 (G) Fachoberschule, Medien, Jahrgangsstufe 13
https://www.lehrplanplus.bayern.de/fachlehrplan/fos/13/nt-bo/g	LehrplanPLUS - Fachoberschule - 13 - Naturwissenschaften - Fachlehrpläne	Fachlehrplan Naturwissenschaften 13 (G) Fachoberschule, Naturwissenschaften , Jahrgangsstufe 13
https://www.lehrplanplus.bayern.de/fachlehrplan/fos/13/nt-bo/w-iw	LehrplanPLUS - Fachoberschule - 13 - Naturwissenschaften - Fachlehrpläne	Fachlehrplan Naturwissenschaften 13 (W, IW) Fachoberschule, Naturwissenschaften , Jahrgangsstufe 13
https://www.lehrplanplus.bayern.de/fachlehrplan/fos/13/paedagogik-psychologie/s	LehrplanPLUS - Fachoberschule - 13 - Pädagogik/Psychologie - Fachlehrpläne	Fachlehrplan Pädagogik/Psychologie 13 (S) Fachoberschule, Pädagogik/Psychologie, Jahrgangsstufe 13
https://www.lehrplanplus.bayern.de/fachlehrplan/fos/13/paedagogik-psychologie/s_gueltig_ab_28_29	LehrplanPLUS - Fachoberschule - 13 - Pädagogik/Psychologie - Fachlehrpläne	Fachlehrplan Pädagogik/Psychologie 13 (S), gültig ab SJ 2028/29 Fachoberschule, Pädagogik/Psychologie, Jahrgangsstufe 13
https://www.lehrplanplus.bayern.de/fachlehrplan/fos/13/physik/t	LehrplanPLUS - Fachoberschule - 13 - Physik - Fachlehrpläne	Fachlehrplan Physik 13 (T) Fachoberschule, Physik, Jahrgangsstufe 13
https://www.lehrplanplus.bayern.de/fachlehrplan/fos/13/physik/t_gueltig_ab_28_29	LehrplanPLUS - Fachoberschule - 13 - Physik - Fachlehrpläne	Fachlehrplan Physik 13 (T), gültig ab SJ 2028/29 Fachoberschule, Physik, Jahrgangsstufe 13
https://www.lehrplanplus.bayern.de/fachlehrplan/fos/13/physik/wahl-abu	LehrplanPLUS - Fachoberschule - 13 - Physik - Fachlehrpläne	Fachlehrplan Physik Additum 13 (ABU) Fachoberschule, Physik, Jahrgangsstufe 13
https://www.lehrplanplus.bayern.de/fachlehrplan/fos/13/russisch/russisch_ahr	LehrplanPLUS - Fachoberschule - 13 - Russisch - Fachlehrpläne	Fachlehrplan Russisch 13 (AHR) Fachoberschule, Russisch, Jahrgangsstufe 13
https://www.lehrplanplus.bayern.de/fachlehrplan/fos/13/sozialwirtschaft-und-recht	LehrplanPLUS - Fachoberschule - 13 - Sozialwirtschaft und Recht - Fachlehrpläne	Fachlehrplan Sozialwirtschaft und Recht 13 (S) Fachoberschule, Sozialwirtschaft und Recht, Jahrgangsstufe 13
https://www.lehrplanplus.bayern.de/fachlehrplan/fos/13/spanisch/spanisch_ahr	LehrplanPLUS - Fachoberschule - 13 - Spanisch - Fachlehrpläne	Fachlehrplan Spanisch 13 (AHR) Fachoberschule, Spanisch, Jahrgangsstufe 13
https://www.lehrplanplus.bayern.de/fachlehrplan/fos/13/spanisch/spanisch_aufbaukurs	LehrplanPLUS - Fachoberschule - 13 - Spanisch - Fachlehrpläne	Fachlehrplan Spanisch Aufbaukurs 13 (Pflichtfach IW) Fachoberschule, Spanisch, Jahrgangsstufe 13
https://www.lehrplanplus.bayern.de/fachlehrplan/fos/13/spanisch/spanisch_grundkurs	LehrplanPLUS - Fachoberschule - 13 - Spanisch - Fachlehrpläne	Fachlehrplan Spanisch Grundkurs 13 (Pflichtfach IW) Fachoberschule, Spanisch, Jahrgangsstufe 13
https://www.lehrplanplus.bayern.de/fachlehrplan/fos/13/sport	LehrplanPLUS - Fachoberschule - 13 - Sport - Fachlehrpläne	Fachlehrplan Sport 13 (erweiterndes Wahlpflichtfach) Fachoberschule, Sport, Jahrgangsstufe 13
https://www.lehrplanplus.bayern.de/fachlehrplan/fos/13/technologie/abu	LehrplanPLUS - Fachoberschule - 13 - Technologie - Fachlehrpläne	Fachlehrplan Technologie 13 (ABU) Fachoberschule, Technologie, Jahrgangsstufe 13
https://www.lehrplanplus.bayern.de/fachlehrplan/fos/13/technologie/t	LehrplanPLUS - Fachoberschule - 13 - Technologie - Fachlehrpläne	Fachlehrplan Technologie 13 (T) Fachoberschule, Technologie, Jahrgangsstufe 13
https://www.lehrplanplus.bayern.de/fachlehrplan/fos/13/volkswirtschaftslehre	LehrplanPLUS - Fachoberschule - 13 - Volkswirtschaftslehre - Fachlehrpläne	Fachlehrplan Volkswirtschaftslehre 13 (W) Fachoberschule, Volkswirtschaftslehre, Jahrgangsstufe 13
https://www.lehrplanplus.bayern.de/fachlehrplan/gymnasium/10/biologie	LehrplanPLUS - Gymnasium - 10 - Biologie - Fachlehrpläne	Fachlehrplan Biologie 10 Gymnasium, Biologie, Jahrgangsstufe 10
https://www.lehrplanplus.bayern.de/fachlehrplan/gymnasium/10/chemie/ch	LehrplanPLUS - Gymnasium - 10 - Chemie - Fachlehrpläne	Fachlehrplan Chemie 10 (HG, SG, MuG, WWG, SWG) Gymnasium, Chemie, Jahrgangsstufe 10
https://www.lehrplanplus.bayern.de/fachlehrplan/gymnasium/10/chemie/ch-ntg	LehrplanPLUS - Gymnasium - 10 - Chemie - Fachlehrpläne	Fachlehrplan Chemie 10 (NTG) Gymnasium, Chemie, Jahrgangsstufe 10
https://www.lehrplanplus.bayern.de/fachlehrplan/gymnasium/10/chi/3-fremdsprache	LehrplanPLUS - Gymnasium - 10 - Chinesisch - Fachlehrpläne	Fachlehrplan Chinesisch 10 (3.&nbsp;Fremdsprache) Gymnasium, Chinesisch, Jahrgangsstufe 10
https://www.lehrplanplus.bayern.de/fachlehrplan/gymnasium/10/deutsch	LehrplanPLUS - Gymnasium - 10 - Deutsch - Fachlehrpläne	Fachlehrplan Deutsch 10 Gymnasium, Deutsch, Jahrgangsstufe 10
https://www.lehrplanplus.bayern.de/fachlehrplan/gymnasium/10/englisch/1-2-fremdsprache	LehrplanPLUS - Gymnasium - 10 - Englisch - Fachlehrpläne	Fachlehrplan Englisch 10 (1. und 2.&nbsp;Fremdsprache) Gymnasium, Englisch, Jahrgangsstufe 10
https://www.lehrplanplus.bayern.de/fachlehrplan/gymnasium/10/ethik	LehrplanPLUS - Gymnasium - 10 - Ethik - Fachlehrpläne	Fachlehrplan Ethik 10 Gymnasium, Ethik, Jahrgangsstufe 10
https://www.lehrplanplus.bayern.de/fachlehrplan/gymnasium/10/evangelische-religionslehre	LehrplanPLUS - Gymnasium - 10 - Evangelische Religionslehre - Fachlehrpläne	Fachlehrplan Evangelische Religionslehre 10 Gymnasium, Evangelische Religionslehre, Jahrgangsstufe 10
https://www.lehrplanplus.bayern.de/fachlehrplan/gymnasium/10/franzoesisch/1-2-fremdsprache	LehrplanPLUS - Gymnasium - 10 - Französisch - Fachlehrpläne	Fachlehrplan Französisch 10 (1. und 2.&nbsp;Fremdsprache) Gymnasium, Französisch, Jahrgangsstufe 10
https://www.lehrplanplus.bayern.de/fachlehrplan/gymnasium/10/franzoesisch/3-fremdsprache	LehrplanPLUS - Gymnasium - 10 - Französisch - Fachlehrpläne	Fachlehrplan Französisch 10 (3.&nbsp;Fremdsprache) Gymnasium, Französisch, Jahrgangsstufe 10
https://www.lehrplanplus.bayern.de/fachlehrplan/gymnasium/10/geographie	LehrplanPLUS - Gymnasium - 10 - Geographie - Fachlehrpläne	Fachlehrplan Geographie 10 Gymnasium, Geographie, Jahrgangsstufe 10
https://www.lehrplanplus.bayern.de/fachlehrplan/gymnasium/10/geschichte	LehrplanPLUS - Gymnasium - 10 - Geschichte - Fachlehrpläne	Fachlehrplan Geschichte 10 &ndash; Deutschland, Europa und die Welt bis zur Gegenwart Gymnasium, Geschichte, Jahrgangsstufe 10
https://www.lehrplanplus.bayern.de/fachlehrplan/gymnasium/10/griechisch	LehrplanPLUS - Gymnasium - 10 - Griechisch - Fachlehrpläne	Fachlehrplan Griechisch 10 (3.&nbsp;Fremdsprache) Gymnasium, Griechisch, Jahrgangsstufe 10
https://www.lehrplanplus.bayern.de/fachlehrplan/gymnasium/10/informatik	LehrplanPLUS - Gymnasium - 10 - Informatik - Fachlehrpläne	Fachlehrplan Informatik 10 (NTG) Gymnasium, Informatik, Jahrgangsstufe 10
https://www.lehrplanplus.bayern.de/fachlehrplan/gymnasium/10/ir	LehrplanPLUS - Gymnasium - 10 - Israelitische Religionslehre - Fachlehrpläne	Fachlehrplan Israelitische Religionslehre 10 Gymnasium, Israelitische Religionslehre, Jahrgangsstufe 10
https://www.lehrplanplus.bayern.de/fachlehrplan/gymnasium/10/italienisch/3-fremdsprache	LehrplanPLUS - Gymnasium - 10 - Italienisch - Fachlehrpläne	Fachlehrplan Italienisch 10 (3.&nbsp;Fremdsprache) Gymnasium, Italienisch, Jahrgangsstufe 10
https://www.lehrplanplus.bayern.de/fachlehrplan/gymnasium/10/iu	LehrplanPLUS - Gymnasium - 10 - Islamischer Unterricht - Fachlehrpläne	Fachlehrplan Islamischer Unterricht 10 Gymnasium, Islamischer Unterricht, Jahrgangsstufe 10
https://www.lehrplanplus.bayern.de/fachlehrplan/gymnasium/10/katholische-religionslehre	LehrplanPLUS - Gymnasium - 10 - Katholische Religionslehre - Fachlehrpläne	Fachlehrplan Katholische Religionslehre 10 Gymnasium, Katholische Religionslehre, Jahrgangsstufe 10
https://www.lehrplanplus.bayern.de/fachlehrplan/gymnasium/10/kunst	LehrplanPLUS - Gymnasium - 10 - Kunst - Fachlehrpläne	Fachlehrplan Kunst 10 Gymnasium, Kunst, Jahrgangsstufe 10
https://www.lehrplanplus.bayern.de/fachlehrplan/gymnasium/10/latein/1-2-fremdsprache	LehrplanPLUS - Gymnasium - 10 - Latein - Fachlehrpläne	Fachlehrplan Latein 10 (1./2.&nbsp;Fremdsprache) Gymnasium, Latein, Jahrgangsstufe 10
https://www.lehrplanplus.bayern.de/fachlehrplan/gymnasium/10/mathematik	LehrplanPLUS - Gymnasium - 10 - Mathematik - Fachlehrpläne	Fachlehrplan Mathematik 10 Gymnasium, Mathematik, Jahrgangsstufe 10
https://www.lehrplanplus.bayern.de/fachlehrplan/gymnasium/10/musik	LehrplanPLUS - Gymnasium - 10 - Musik - Fachlehrpläne	Fachlehrplan Musik 10 Gymnasium, Musik, Jahrgangsstufe 10
https://www.lehrplanplus.bayern.de/fachlehrplan/gymnasium/10/or	LehrplanPLUS - Gymnasium - 10 - Orthodoxe Religionslehre - Fachlehrpläne	Fachlehrplan Orthodoxe Religionslehre 10 Gymnasium, Orthodoxe Religionslehre, Jahrgangsstufe 10
https://www.lehrplanplus.bayern.de/fachlehrplan/gymnasium/10/physik	LehrplanPLUS - Gymnasium - 10 - Physik - Fachlehrpläne	Fachlehrplan Physik 10 – Physikalische Erkenntnisse und Arbeitsweisen für technische Entwicklungen nutzen Gymnasium, Physik, Jahrgangsstufe 10
https://www.lehrplanplus.bayern.de/fachlehrplan/gymnasium/10/pug/einstuendig	LehrplanPLUS - Gymnasium - 10 - Politik und Gesellschaft - Fachlehrpläne	Fachlehrplan Politik und Gesellschaft 10 (HG, SG, NTG, MuG, WWG) Gymnasium, Politik und Gesellschaft, Jahrgangsstufe 10
https://www.lehrplanplus.bayern.de/fachlehrplan/gymnasium/10/pug/zweistuendig	LehrplanPLUS - Gymnasium - 10 - Politik und Gesellschaft - Fachlehrpläne	Fachlehrplan Politik und Gesellschaft 10 (SWG) Gymnasium, Politik und Gesellschaft, Jahrgangsstufe 10
https://www.lehrplanplus.bayern.de/fachlehrplan/gymnasium/10/russisch/3-fremdsprache	LehrplanPLUS - Gymnasium - 10 - Russisch - Fachlehrpläne	Fachlehrplan Russisch 10 (3.&nbsp;Fremdsprache) Gymnasium, Russisch, Jahrgangsstufe 10
https://www.lehrplanplus.bayern.de/fachlehrplan/gymnasium/10/sozialpraktische-grundbildung	LehrplanPLUS - Gymnasium - 10 - Sozialpraktische Grundbildung - Fachlehrpläne	Fachlehrplan Sozialpraktische Grundbildung 10 (SWG) Gymnasium, Sozialpraktische Grundbildung, Jahrgangsstufe 10
https://www.lehrplanplus.bayern.de/fachlehrplan/gymnasium/10/spanisch/3-fremdsprache	LehrplanPLUS - Gymnasium - 10 - Spanisch - Fachlehrpläne	Fachlehrplan Spanisch 10 (3.&nbsp;Fremdsprache) Gymnasium, Spanisch, Jahrgangsstufe 10
https://www.lehrplanplus.bayern.de/fachlehrplan/gymnasium/10/sport/basis_sport	LehrplanPLUS - Gymnasium - 10 - Sport - Fachlehrpläne	Fachlehrplan Basissport 10 Gymnasium, Sport, Jahrgangsstufe 10
https://www.lehrplanplus.bayern.de/fachlehrplan/gymnasium/10/wirtschaft-und-recht/andere	LehrplanPLUS - Gymnasium - 10 - Wirtschaft und Recht - Fachlehrpläne	Fachlehrplan Wirtschaft und Recht 10 (HG, SG, NTG, MuG, SWG) Gymnasium, Wirtschaft und Recht, Jahrgangsstufe 10
https://www.lehrplanplus.bayern.de/fachlehrplan/gymnasium/10/wirtschaft-und-recht/wwg	LehrplanPLUS - Gymnasium - 10 - Wirtschaft und Recht - Fachlehrpläne	Fachlehrplan Wirtschaft und Recht 10 (WWG) Gymnasium, Wirtschaft und Recht, Jahrgangsstufe 10
https://www.lehrplanplus.bayern.de/fachlehrplan/gymnasium/10/wirtschaftsinformatik	LehrplanPLUS - Gymnasium - 10 - Wirtschaftsinformatik - Fachlehrpläne	Fachlehrplan Wirtschaftsinformatik 10 (WWG) Gymnasium, Wirtschaftsinformatik, Jahrgangsstufe 10
https://www.lehrplanplus.bayern.de/fachlehrplan/gymnasium/11/berufliche_orientierung	LehrplanPLUS - Gymnasium - 11 - Berufliche Orientierung - Fachlehrpläne	Fachlehrplan Berufliche Orientierung 11 (Projekt-Seminar) Gymnasium, Berufliche Orientierung, Jahrgangsstufe 11
https://www.lehrplanplus.bayern.de/fachlehrplan/gymnasium/11/chemie/ch	LehrplanPLUS - Gymnasium - 11 - Chemie - Fachlehrpläne	Fachlehrplan Chemie 11 (NTG) Gymnasium, Chemie, Jahrgangsstufe 11
https://www.lehrplanplus.bayern.de/fachlehrplan/gymnasium/11/chi/fs3	LehrplanPLUS - Gymnasium - 11 - Chinesisch - Fachlehrpläne	Fachlehrplan Chinesisch 11 (3.&nbsp;Fremdsprache) Gymnasium, Chinesisch, Jahrgangsstufe 11
https://www.lehrplanplus.bayern.de/fachlehrplan/gymnasium/11/chi/spaet	LehrplanPLUS - Gymnasium - 11 - Chinesisch - Fachlehrpläne	Fachlehrplan Chinesisch 11 (spät beginnende Fremdsprache) Gymnasium, Chinesisch, Jahrgangsstufe 11
https://www.lehrplanplus.bayern.de/fachlehrplan/gymnasium/11/deutsch	LehrplanPLUS - Gymnasium - 11 - Deutsch - Fachlehrpläne	Fachlehrplan Deutsch 11 Gymnasium, Deutsch, Jahrgangsstufe 11
https://www.lehrplanplus.bayern.de/fachlehrplan/gymnasium/11/englisch/1-2-fremdsprache	LehrplanPLUS - Gymnasium - 11 - Englisch - Fachlehrpläne	Fachlehrplan Englisch 11 (1. und 2.&nbsp;Fremdsprache) Gymnasium, Englisch, Jahrgangsstufe 11
https://www.lehrplanplus.bayern.de/fachlehrplan/gymnasium/11/ethik	LehrplanPLUS - Gymnasium - 11 - Ethik - Fachlehrpläne	Fachlehrplan Ethik 11 Gymnasium, Ethik, Jahrgangsstufe 11
https://www.lehrplanplus.bayern.de/fachlehrplan/gymnasium/11/evangelische-religionslehre	LehrplanPLUS - Gymnasium - 11 - Evangelische Religionslehre - Fachlehrpläne	Fachlehrplan Evangelische Religionslehre 11 Gymnasium, Evangelische Religionslehre, Jahrgangsstufe 11
https://www.lehrplanplus.bayern.de/fachlehrplan/gymnasium/11/franzoesisch/1-2-fremdsprache	LehrplanPLUS - Gymnasium - 11 - Französisch - Fachlehrpläne	Fachlehrplan Französisch 11 (1. und 2.&nbsp;Fremdsprache) Gymnasium, Französisch, Jahrgangsstufe 11
https://www.lehrplanplus.bayern.de/fachlehrplan/gymnasium/11/franzoesisch/3-fremdsprache	LehrplanPLUS - Gymnasium - 11 - Französisch - Fachlehrpläne	Fachlehrplan Französisch 11 (3.&nbsp;Fremdsprache) Gymnasium, Französisch, Jahrgangsstufe 11
https://www.lehrplanplus.bayern.de/fachlehrplan/gymnasium/11/franzoesisch/spaet-fremdsprache	LehrplanPLUS - Gymnasium - 11 - Französisch - Fachlehrpläne	Fachlehrplan Französisch 11 (spät beginnende Fremdsprache) Gymnasium, Französisch, Jahrgangsstufe 11
https://www.lehrplanplus.bayern.de/fachlehrplan/gymnasium/11/geographie	LehrplanPLUS - Gymnasium - 11 - Geographie - Fachlehrpläne	Fachlehrplan Geographie 11 Gymnasium, Geographie, Jahrgangsstufe 11
https://www.lehrplanplus.bayern.de/fachlehrplan/gymnasium/11/geschichte	LehrplanPLUS - Gymnasium - 11 - Geschichte - Fachlehrpläne	Fachlehrplan Geschichte 11 Gymnasium, Geschichte, Jahrgangsstufe 11
https://www.lehrplanplus.bayern.de/fachlehrplan/gymnasium/11/griechisch	LehrplanPLUS - Gymnasium - 11 - Griechisch - Fachlehrpläne	Fachlehrplan Griechisch 11 (3.&nbsp;Fremdsprache) Gymnasium, Griechisch, Jahrgangsstufe 11
https://www.lehrplanplus.bayern.de/fachlehrplan/gymnasium/11/informatik/mug_swg_sg	LehrplanPLUS - Gymnasium - 11 - Informatik - Fachlehrpläne	Fachlehrplan spät beginnende Informatik 11 (HG, SG, MuG, SWG) Gymnasium, Informatik, Jahrgangsstufe 11
https://www.lehrplanplus.bayern.de/fachlehrplan/gymnasium/11/informatik/ntg	LehrplanPLUS - Gymnasium - 11 - Informatik - Fachlehrpläne	Fachlehrplan Informatik 11 (NTG) Gymnasium, Informatik, Jahrgangsstufe 11
https://www.lehrplanplus.bayern.de/fachlehrplan/gymnasium/11/ir	LehrplanPLUS - Gymnasium - 11 - Israelitische Religionslehre - Fachlehrpläne	Fachlehrplan Israelitische Religionslehre 11 Gymnasium, Israelitische Religionslehre, Jahrgangsstufe 11
https://www.lehrplanplus.bayern.de/fachlehrplan/gymnasium/11/italienisch/3-fremdsprache	LehrplanPLUS - Gymnasium - 11 - Italienisch - Fachlehrpläne	Fachlehrplan Italienisch 11 (3.&nbsp;Fremdsprache) Gymnasium, Italienisch, Jahrgangsstufe 11
https://www.lehrplanplus.bayern.de/fachlehrplan/gymnasium/11/italienisch/spaet-fremdsprache	LehrplanPLUS - Gymnasium - 11 - Italienisch - Fachlehrpläne	Fachlehrplan Italienisch 11 (spät beginnende Fremdsprache) Gymnasium, Italienisch, Jahrgangsstufe 11
https://www.lehrplanplus.bayern.de/fachlehrplan/gymnasium/11/katholische-religionslehre	LehrplanPLUS - Gymnasium - 11 - Katholische Religionslehre - Fachlehrpläne	Fachlehrplan Katholische Religionslehre 11 Gymnasium, Katholische Religionslehre, Jahrgangsstufe 11
https://www.lehrplanplus.bayern.de/fachlehrplan/gymnasium/11/kunst	LehrplanPLUS - Gymnasium - 11 - Kunst - Fachlehrpläne	Fachlehrplan Kunst 11 Gymnasium, Kunst, Jahrgangsstufe 11
https://www.lehrplanplus.bayern.de/fachlehrplan/gymnasium/11/latein/1-2-fremdsprache	LehrplanPLUS - Gymnasium - 11 - Latein - Fachlehrpläne	Fachlehrplan Latein 11 (1./2.&nbsp;Fremdsprache) Gymnasium, Latein, Jahrgangsstufe 11
https://www.lehrplanplus.bayern.de/fachlehrplan/gymnasium/11/mathematik	LehrplanPLUS - Gymnasium - 11 - Mathematik - Fachlehrpläne	Fachlehrplan Mathematik 11 Gymnasium, Mathematik, Jahrgangsstufe 11
https://www.lehrplanplus.bayern.de/fachlehrplan/gymnasium/11/musik	LehrplanPLUS - Gymnasium - 11 - Musik - Fachlehrpläne	Fachlehrplan Musik 11 Gymnasium, Musik, Jahrgangsstufe 11
https://www.lehrplanplus.bayern.de/fachlehrplan/gymnasium/11/or	LehrplanPLUS - Gymnasium - 11 - Orthodoxe Religionslehre - Fachlehrpläne	Fachlehrplan Orthodoxe Religionslehre 11 Gymnasium, Orthodoxe Religionslehre, Jahrgangsstufe 11
https://www.lehrplanplus.bayern.de/fachlehrplan/gymnasium/11/physik	LehrplanPLUS - Gymnasium - 11 - Physik - Fachlehrpläne	Fachlehrplan Physik 11 – Das physikalische Weltbild im Wandel Gymnasium, Physik, Jahrgangsstufe 11
https://www.lehrplanplus.bayern.de/fachlehrplan/gymnasium/11/pln/spaet-fremdsprache	LehrplanPLUS - Gymnasium - 11 - Polnisch - Fachlehrpläne	Fachlehrplan Polnisch 11 (spät beginnende Fremdsprache) Gymnasium, Polnisch, Jahrgangsstufe 11
https://www.lehrplanplus.bayern.de/fachlehrplan/gymnasium/11/pug/dreistuendig	LehrplanPLUS - Gymnasium - 11 - Politik und Gesellschaft - Fachlehrpläne	Fachlehrplan Politik und Gesellschaft 11 (SWG) Gymnasium, Politik und Gesellschaft, Jahrgangsstufe 11
https://www.lehrplanplus.bayern.de/fachlehrplan/gymnasium/11/pug/zweistuendig	LehrplanPLUS - Gymnasium - 11 - Politik und Gesellschaft - Fachlehrpläne	Fachlehrplan Politik und Gesellschaft 11 (HG, SG, NTG, MuG, WWG) Gymnasium, Politik und Gesellschaft, Jahrgangsstufe 11
https://www.lehrplanplus.bayern.de/fachlehrplan/gymnasium/11/russisch/3-fremdsprache	LehrplanPLUS - Gymnasium - 11 - Russisch - Fachlehrpläne	Fachlehrplan Russisch 11 (3.&nbsp;Fremdsprache) Gymnasium, Russisch, Jahrgangsstufe 11
https://www.lehrplanplus.bayern.de/fachlehrplan/gymnasium/11/russisch/spaet-fremdsprache	LehrplanPLUS - Gymnasium - 11 - Russisch - Fachlehrpläne	Fachlehrplan Russisch 11 (spät beginnende Fremdsprache) Gymnasium, Russisch, Jahrgangsstufe 11
https://www.lehrplanplus.bayern.de/fachlehrplan/gymnasium/11/sozialpraktische-grundbildung	LehrplanPLUS - Gymnasium - 11 - Sozialpraktische Grundbildung - Fachlehrpläne	Fachlehrplan Sozialpraktische Grundbildung 11 (SWG) Gymnasium, Sozialpraktische Grundbildung, Jahrgangsstufe 11
https://www.lehrplanplus.bayern.de/fachlehrplan/gymnasium/11/spanisch/3-fremdsprache	LehrplanPLUS - Gymnasium - 11 - Spanisch - Fachlehrpläne	Fachlehrplan Spanisch 11 (3.&nbsp;Fremdsprache) Gymnasium, Spanisch, Jahrgangsstufe 11
https://www.lehrplanplus.bayern.de/fachlehrplan/gymnasium/11/spanisch/spaet-fremdsprache	LehrplanPLUS - Gymnasium - 11 - Spanisch - Fachlehrpläne	Fachlehrplan Spanisch 11 (spät beginnende Fremdsprache) Gymnasium, Spanisch, Jahrgangsstufe 11
https://www.lehrplanplus.bayern.de/fachlehrplan/gymnasium/11/sport/basis_sport	LehrplanPLUS - Gymnasium - 11 - Sport - Fachlehrpläne	Fachlehrplan Basissport 11 Gymnasium, Sport, Jahrgangsstufe 11
https://www.lehrplanplus.bayern.de/fachlehrplan/gymnasium/11/tr/spaet-fremdsprache	LehrplanPLUS - Gymnasium - 11 - Türkisch - Fachlehrpläne	Fachlehrplan Türkisch 11 (spät beginnende Fremdsprache) Gymnasium, Türkisch, Jahrgangsstufe 11
https://www.lehrplanplus.bayern.de/fachlehrplan/gymnasium/11/tsh/spaet-fremdsprache	LehrplanPLUS - Gymnasium - 11 - Tschechisch - Fachlehrpläne	Fachlehrplan Tschechisch 11 (spät beginnende Fremdsprache) Gymnasium, Tschechisch, Jahrgangsstufe 11
https://www.lehrplanplus.bayern.de/fachlehrplan/gymnasium/11/wirtschaft-und-recht/andere	LehrplanPLUS - Gymnasium - 11 - Wirtschaft und Recht - Fachlehrpläne	Fachlehrplan Wirtschaft und Recht 11 (HG, SG, NTG, MuG, SWG) Gymnasium, Wirtschaft und Recht, Jahrgangsstufe 11
https://www.lehrplanplus.bayern.de/fachlehrplan/gymnasium/11/wirtschaft-und-recht/wwg	LehrplanPLUS - Gymnasium - 11 - Wirtschaft und Recht - Fachlehrpläne	Fachlehrplan Wirtschaft und Recht 11 (WWG) Gymnasium, Wirtschaft und Recht, Jahrgangsstufe 11
https://www.lehrplanplus.bayern.de/fachlehrplan/gymnasium/11/wirtschaftsinformatik	LehrplanPLUS - Gymnasium - 11 - Wirtschaftsinformatik - Fachlehrpläne	Fachlehrplan Wirtschaftsinformatik 11 (WWG) Gymnasium, Wirtschaftsinformatik, Jahrgangsstufe 11
https://www.lehrplanplus.bayern.de/fachlehrplan/gymnasium/12/ar	LehrplanPLUS - Gymnasium - 12, 13 - Archäologie - Fachlehrpläne	Fachlehrplan Archäologie 12/13 Gymnasium, Archäologie, Jahrgangsstufe 12/13
https://www.lehrplanplus.bayern.de/fachlehrplan/gymnasium/12/berufliche_orientierung	LehrplanPLUS - Gymnasium - 12, 13 - Berufliche Orientierung - Fachlehrpläne	Fachlehrplan Berufliche Orientierung 12/13 (Aufbaumodul) Gymnasium, Berufliche Orientierung, Jahrgangsstufe 12/13
https://www.lehrplanplus.bayern.de/fachlehrplan/gymnasium/12/biolog-chem-praktikum	LehrplanPLUS - Gymnasium - 12, 13 - Biologisch-chemisches Praktikum - Fachlehrpläne	Fachlehrplan Biologisch-chemisches Praktikum 12/13 Gymnasium, Biologisch-chemisches Praktikum, Jahrgangsstufe 12/13
https://www.lehrplanplus.bayern.de/fachlehrplan/gymnasium/12/biologie/erhoeht	LehrplanPLUS - Gymnasium - 12 - Biologie - Fachlehrpläne	Fachlehrplan Biologie&nbsp;12 (erhöhtes Anforderungsniveau) Gymnasium, Biologie, Jahrgangsstufe 12
https://www.lehrplanplus.bayern.de/fachlehrplan/gymnasium/12/biologie/grundlegend	LehrplanPLUS - Gymnasium - 12 - Biologie - Fachlehrpläne	Fachlehrplan Biologie 12 (grundlegendes Anforderungsniveau) Gymnasium, Biologie, Jahrgangsstufe 12
https://www.lehrplanplus.bayern.de/fachlehrplan/gymnasium/12/chemie/erhoeht	LehrplanPLUS - Gymnasium - 12 - Chemie - Fachlehrpläne	Fachlehrplan Chemie&nbsp;12 (erhöhtes Anforderungsniveau) Gymnasium, Chemie, Jahrgangsstufe 12
https://www.lehrplanplus.bayern.de/fachlehrplan/gymnasium/12/chemie/grundlegend	LehrplanPLUS - Gymnasium - 12 - Chemie - Fachlehrpläne	Fachlehrplan Chemie 12 (grundlegendes Anforderungsniveau) Gymnasium, Chemie, Jahrgangsstufe 12
https://www.lehrplanplus.bayern.de/fachlehrplan/gymnasium/12/chi/grundlegend-3	LehrplanPLUS - Gymnasium - 12, 13 - Chinesisch - Fachlehrpläne	Fachlehrplan Chinesisch 12/13 (grundlegendes Anforderungsniveau, 3.&nbsp;Fremdsprache) Gymnasium, Chinesisch, Jahrgangsstufe 12/13
https://www.lehrplanplus.bayern.de/fachlehrplan/gymnasium/12/chi/grundlegend-spaet	LehrplanPLUS - Gymnasium - 12 - Chinesisch - Fachlehrpläne	Fachlehrplan Chinesisch 12 (spät beginnende Fremdsprache) Gymnasium, Chinesisch, Jahrgangsstufe 12
https://www.lehrplanplus.bayern.de/fachlehrplan/gymnasium/12/deutsch/regulaer	LehrplanPLUS - Gymnasium - 12, 13 - Deutsch - Fachlehrpläne	Fachlehrplan Deutsch 12/13 (erhöhtes Anforderungsniveau) Gymnasium, Deutsch, Jahrgangsstufe 12/13
https://www.lehrplanplus.bayern.de/fachlehrplan/gymnasium/12/deutsch/vertieft	LehrplanPLUS - Gymnasium - 12 - Deutsch - Fachlehrpläne	Fachlehrplan Deutsch&nbsp;12 (Vertiefungskurs) Gymnasium, Deutsch, Jahrgangsstufe 12
https://www.lehrplanplus.bayern.de/fachlehrplan/gymnasium/12/englisch/erhoeht	LehrplanPLUS - Gymnasium - 12, 13 - Englisch - Fachlehrpläne	Fachlehrplan Englisch&nbsp;12/13 (erhöhtes Anforderungsniveau) Gymnasium, Englisch, Jahrgangsstufe 12/13
https://www.lehrplanplus.bayern.de/fachlehrplan/gymnasium/12/englisch/grundlegend	LehrplanPLUS - Gymnasium - 12, 13 - Englisch - Fachlehrpläne	Fachlehrplan Englisch 12/13 (grundlegendes Anforderungsniveau) Gymnasium, Englisch, Jahrgangsstufe 12/13
https://www.lehrplanplus.bayern.de/fachlehrplan/gymnasium/12/ethik/erhoeht	LehrplanPLUS - Gymnasium - 12 - Ethik - Fachlehrpläne	Fachlehrplan Ethik&nbsp;12 (erhöhtes Anforderungsniveau) Gymnasium, Ethik, Jahrgangsstufe 12
https://www.lehrplanplus.bayern.de/fachlehrplan/gymnasium/12/ethik/grundlegend	LehrplanPLUS - Gymnasium - 12 - Ethik - Fachlehrpläne	Fachlehrplan Ethik 12 (grundlegendes Anforderungsniveau) Gymnasium, Ethik, Jahrgangsstufe 12
https://www.lehrplanplus.bayern.de/fachlehrplan/gymnasium/12/evangelische-religionslehre/erhoeht	LehrplanPLUS - Gymnasium - 12 - Evangelische Religionslehre - Fachlehrpläne	Fachlehrplan Evangelische Religionslehre&nbsp;12 (erhöhtes Anforderungsniveau) Gymnasium, Evangelische Religionslehre, Jahrgangsstufe 12
https://www.lehrplanplus.bayern.de/fachlehrplan/gymnasium/12/evangelische-religionslehre/grundlegend	LehrplanPLUS - Gymnasium - 12 - Evangelische Religionslehre - Fachlehrpläne	Fachlehrplan Evangelische Religionslehre 12 (grundlegendes Anforderungsniveau) Gymnasium, Evangelische Religionslehre, Jahrgangsstufe 12
https://www.lehrplanplus.bayern.de/fachlehrplan/gymnasium/12/franzoesisch/erhoeht	LehrplanPLUS - Gymnasium - 12, 13 - Französisch - Fachlehrpläne	Fachlehrplan Französisch&nbsp;12/13 (erhöhtes Anforderungsniveau) Gymnasium, Französisch, Jahrgangsstufe 12/13
https://www.lehrplanplus.bayern.de/fachlehrplan/gymnasium/12/franzoesisch/grundlegend-1-2-3	LehrplanPLUS - Gymnasium - 12, 13 - Französisch - Fachlehrpläne	Fachlehrplan Französisch 12/13 (grundlegendes Anforderungsniveau, 1., 2. und 3.&nbsp;Fremdsprache) Gymnasium, Französisch, Jahrgangsstufe 12/13
https://www.lehrplanplus.bayern.de/fachlehrplan/gymnasium/12/franzoesisch/grundlegend-spaet	LehrplanPLUS - Gymnasium - 12 - Französisch - Fachlehrpläne	Fachlehrplan Französisch&nbsp;12 (grundlegendes Anforderungsniveau, spät beginnende Fremdsprache) Gymnasium, Französisch, Jahrgangsstufe 12
https://www.lehrplanplus.bayern.de/fachlehrplan/gymnasium/12/geographie/erhoeht	LehrplanPLUS - Gymnasium - 12 - Geographie - Fachlehrpläne	Fachlehrplan Geographie&nbsp;12 (erhöhtes Anforderungsniveau) Gymnasium, Geographie, Jahrgangsstufe 12
https://www.lehrplanplus.bayern.de/fachlehrplan/gymnasium/12/geographie/grundlegend	LehrplanPLUS - Gymnasium - 12 - Geographie - Fachlehrpläne	Fachlehrplan Geographie 12 (grundlegendes Anforderungsniveau) Gymnasium, Geographie, Jahrgangsstufe 12
https://www.lehrplanplus.bayern.de/fachlehrplan/gymnasium/12/geschichte/erhoeht	LehrplanPLUS - Gymnasium - 12 - Geschichte - Fachlehrpläne	Fachlehrplan Geschichte&nbsp;12 (erhöhtes Anforderungsniveau) Gymnasium, Geschichte, Jahrgangsstufe 12
https://www.lehrplanplus.bayern.de/fachlehrplan/gymnasium/12/geschichte/grundlegend	LehrplanPLUS - Gymnasium - 12 - Geschichte - Fachlehrpläne	Fachlehrplan Geschichte 12 (grundlegendes Anforderungsniveau) Gymnasium, Geschichte, Jahrgangsstufe 12
https://www.lehrplanplus.bayern.de/fachlehrplan/gymnasium/12/griechisch/erhoeht	LehrplanPLUS - Gymnasium - 12 - Griechisch - Fachlehrpläne	Fachlehrplan Griechisch&nbsp;12 (erhöhtes Anforderungsniveau) Gymnasium, Griechisch, Jahrgangsstufe 12
https://www.lehrplanplus.bayern.de/fachlehrplan/gymnasium/12/griechisch/grundlegend	LehrplanPLUS - Gymnasium - 12 - Griechisch - Fachlehrpläne	Fachlehrplan Griechisch 12 (grundlegendes Anforderungsniveau) Gymnasium, Griechisch, Jahrgangsstufe 12
https://www.lehrplanplus.bayern.de/fachlehrplan/gymnasium/12/informatik/erhoeht	LehrplanPLUS - Gymnasium - 12 - Informatik - Fachlehrpläne	Fachlehrplan Informatik&nbsp;12 (erhöhtes Anforderungsniveau) Gymnasium, Informatik, Jahrgangsstufe 12
https://www.lehrplanplus.bayern.de/fachlehrplan/gymnasium/12/informatik/grundlegend	LehrplanPLUS - Gymnasium - 12 - Informatik - Fachlehrpläne	Fachlehrplan Informatik 12 (grundlegendes Anforderungsniveau) Gymnasium, Informatik, Jahrgangsstufe 12
https://www.lehrplanplus.bayern.de/fachlehrplan/gymnasium/12/informatik/grundlegend-spaet	LehrplanPLUS - Gymnasium - 12 - Informatik - Fachlehrpläne	Fachlehrplan spät beginnende Informatik 12 (grundlegendes Anforderungsniveau) Gymnasium, Informatik, Jahrgangsstufe 12
https://www.lehrplanplus.bayern.de/fachlehrplan/gymnasium/12/instrumentalensemble/Instrumentalensemble%2012	LehrplanPLUS - Gymnasium - 12, 13 - Instrumentalensemble - Fachlehrpläne	Fachlehrplan Instrumentalensemble 12/13 Gymnasium, Instrumentalensemble, Jahrgangsstufe 12/13
https://www.lehrplanplus.bayern.de/fachlehrplan/gymnasium/12/ir/erhoeht	LehrplanPLUS - Gymnasium - 12 - Israelitische Religionslehre - Fachlehrpläne	Fachlehrplan Israelitische Religionslehre&nbsp;12 (erhöhtes Anforderungsniveau) Gymnasium, Israelitische Religionslehre, Jahrgangsstufe 12
https://www.lehrplanplus.bayern.de/fachlehrplan/gymnasium/12/ir/grundlegend	LehrplanPLUS - Gymnasium - 12 - Israelitische Religionslehre - Fachlehrpläne	Fachlehrplan Israelitische Religionslehre 12 (grundlegendes Anforderungsniveau) Gymnasium, Israelitische Religionslehre, Jahrgangsstufe 12
https://www.lehrplanplus.bayern.de/fachlehrplan/gymnasium/12/italienisch/erhoeht	LehrplanPLUS - Gymnasium - 12, 13 - Italienisch - Fachlehrpläne	Fachlehrplan Italienisch&nbsp;12/13 (erhöhtes Anforderungsniveau, 3.&nbsp;Fremdsprache) Gymnasium, Italienisch, Jahrgangsstufe 12/13
https://www.lehrplanplus.bayern.de/fachlehrplan/gymnasium/12/italienisch/grundlegend-3	LehrplanPLUS - Gymnasium - 12, 13 - Italienisch - Fachlehrpläne	Fachlehrplan Italienisch 12/13 (grundlegendes Anforderungsniveau, 3.&nbsp;Fremdsprache) Gymnasium, Italienisch, Jahrgangsstufe 12/13
https://www.lehrplanplus.bayern.de/fachlehrplan/gymnasium/12/italienisch/grundlegend-spaet	LehrplanPLUS - Gymnasium - 12 - Italienisch - Fachlehrpläne	Fachlehrplan Italienisch&nbsp;12 (grundlegendes Anforderungsniveau, spät beginnende Fremdsprache) Gymnasium, Italienisch, Jahrgangsstufe 12
https://www.lehrplanplus.bayern.de/fachlehrplan/gymnasium/12/katholische-religionslehre/erhoeht	LehrplanPLUS - Gymnasium - 12 - Katholische Religionslehre - Fachlehrpläne	Fachlehrplan Katholische Religionslehre&nbsp;12 (erhöhtes Anforderungsniveau) Gymnasium, Katholische Religionslehre, Jahrgangsstufe 12
https://www.lehrplanplus.bayern.de/fachlehrplan/gymnasium/12/katholische-religionslehre/grundlegend	LehrplanPLUS - Gymnasium - 12 - Katholische Religionslehre - Fachlehrpläne	Fachlehrplan Katholische Religionslehre 12 (grundlegendes Anforderungsniveau) Gymnasium, Katholische Religionslehre, Jahrgangsstufe 12
https://www.lehrplanplus.bayern.de/fachlehrplan/gymnasium/12/kunst/erhoeht	LehrplanPLUS - Gymnasium - 12 - Kunst - Fachlehrpläne	Fachlehrplan Kunst&nbsp;12 (erhöhtes Anforderungsniveau) Gymnasium, Kunst, Jahrgangsstufe 12
https://www.lehrplanplus.bayern.de/fachlehrplan/gymnasium/12/kunst/grundlegend	LehrplanPLUS - Gymnasium - 12 - Kunst - Fachlehrpläne	Fachlehrplan Kunst 12 (grundlegendes Anforderungsniveau) Gymnasium, Kunst, Jahrgangsstufe 12
https://www.lehrplanplus.bayern.de/fachlehrplan/gymnasium/12/latein/erhoeht	LehrplanPLUS - Gymnasium - 12 - Latein - Fachlehrpläne	Fachlehrplan Latein&nbsp;12 (erhöhtes Anforderungsniveau) Gymnasium, Latein, Jahrgangsstufe 12
https://www.lehrplanplus.bayern.de/fachlehrplan/gymnasium/12/latein/grundlegend	LehrplanPLUS - Gymnasium - 12 - Latein - Fachlehrpläne	Fachlehrplan Latein 12 (grundlegendes Anforderungsniveau) Gymnasium, Latein, Jahrgangsstufe 12
https://www.lehrplanplus.bayern.de/fachlehrplan/gymnasium/12/mathematik/regulaer	LehrplanPLUS - Gymnasium - 12 - Mathematik - Fachlehrpläne	Fachlehrplan Mathematik 12 (erhöhtes Anforderungsniveau) Gymnasium, Mathematik, Jahrgangsstufe 12
https://www.lehrplanplus.bayern.de/fachlehrplan/gymnasium/12/mathematik/vertieft	LehrplanPLUS - Gymnasium - 12 - Mathematik - Fachlehrpläne	Fachlehrplan Mathematik 12 (Vertiefungskurs) Gymnasium, Mathematik, Jahrgangsstufe 12
https://www.lehrplanplus.bayern.de/fachlehrplan/gymnasium/12/musik/erhoeht	LehrplanPLUS - Gymnasium - 12 - Musik - Fachlehrpläne	Fachlehrplan Musik 12 (erhöhtes Anforderungsniveau) Gymnasium, Musik, Jahrgangsstufe 12
https://www.lehrplanplus.bayern.de/fachlehrplan/gymnasium/12/musik/grundlegend	LehrplanPLUS - Gymnasium - 12 - Musik - Fachlehrpläne	Fachlehrplan Musik 12 (grundlegendes Anforderungsniveau) Gymnasium, Musik, Jahrgangsstufe 12
https://www.lehrplanplus.bayern.de/fachlehrplan/gymnasium/12/or/erhoeht	LehrplanPLUS - Gymnasium - 12 - Orthodoxe Religionslehre - Fachlehrpläne	Fachlehrplan Orthodoxe Religionslehre&nbsp;12 (erhöhtes Anforderungsniveau) Gymnasium, Orthodoxe Religionslehre, Jahrgangsstufe 12
https://www.lehrplanplus.bayern.de/fachlehrplan/gymnasium/12/or/grundlegend	LehrplanPLUS - Gymnasium - 12 - Orthodoxe Religionslehre - Fachlehrpläne	Fachlehrplan Orthodoxe Religionslehre 12 (grundlegendes Anforderungsniveau) Gymnasium, Orthodoxe Religionslehre, Jahrgangsstufe 12
https://www.lehrplanplus.bayern.de/fachlehrplan/gymnasium/12/physik/erhoeht	LehrplanPLUS - Gymnasium - 12 - Physik - Fachlehrpläne	Fachlehrplan Physik&nbsp;12 (erhöhtes Anforderungsniveau) Gymnasium, Physik, Jahrgangsstufe 12
https://www.lehrplanplus.bayern.de/fachlehrplan/gymnasium/12/physik/grundlegend	LehrplanPLUS - Gymnasium - 12 - Physik - Fachlehrpläne	Fachlehrplan Physik 12 (grundlegendes Anforderungsniveau) Gymnasium, Physik, Jahrgangsstufe 12
https://www.lehrplanplus.bayern.de/fachlehrplan/gymnasium/12/physik/grundlegend-bio	LehrplanPLUS - Gymnasium - 12 - Physik - Fachlehrpläne	Fachlehrplan Physik 12 (grundlegendes Anforderungsniveau, Biophysik) Gymnasium, Physik, Jahrgangsstufe 12
https://www.lehrplanplus.bayern.de/fachlehrplan/gymnasium/12/pln	LehrplanPLUS - Gymnasium - 12 - Polnisch - Fachlehrpläne	Fachlehrplan Polnisch 12 (spät beginnende Fremdsprache) Gymnasium, Polnisch, Jahrgangsstufe 12
https://www.lehrplanplus.bayern.de/fachlehrplan/gymnasium/12/ps	LehrplanPLUS - Gymnasium - 12, 13 - Psychologie - Fachlehrpläne	Fachlehrplan Psychologie 12/13 Gymnasium, Psychologie, Jahrgangsstufe 12/13
https://www.lehrplanplus.bayern.de/fachlehrplan/gymnasium/12/pug/erhoeht	LehrplanPLUS - Gymnasium - 12 - Politik und Gesellschaft - Fachlehrpläne	Fachlehrplan Politik und Gesellschaft&nbsp;12 (erhöhtes Anforderungsniveau) Gymnasium, Politik und Gesellschaft, Jahrgangsstufe 12
https://www.lehrplanplus.bayern.de/fachlehrplan/gymnasium/12/pug/grundlegend	LehrplanPLUS - Gymnasium - 12 - Politik und Gesellschaft - Fachlehrpläne	Fachlehrplan Politik und Gesellschaft 12 (grundlegendes Anforderungsniveau) Gymnasium, Politik und Gesellschaft, Jahrgangsstufe 12
https://www.lehrplanplus.bayern.de/fachlehrplan/gymnasium/12/russisch/erhoeht	LehrplanPLUS - Gymnasium - 12, 13 - Russisch - Fachlehrpläne	Fachlehrplan Russisch&nbsp;12/13 (erhöhtes Anforderungsniveau, 3.&nbsp;Fremdsprache) Gymnasium, Russisch, Jahrgangsstufe 12/13
https://www.lehrplanplus.bayern.de/fachlehrplan/gymnasium/12/russisch/grundlegend-3	LehrplanPLUS - Gymnasium - 12, 13 - Russisch - Fachlehrpläne	Fachlehrplan Russisch 12/13 (grundlegendes Anforderungsniveau, 3.&nbsp;Fremdsprache) Gymnasium, Russisch, Jahrgangsstufe 12/13
https://www.lehrplanplus.bayern.de/fachlehrplan/gymnasium/12/russisch/grundlegend-spaet	LehrplanPLUS - Gymnasium - 12 - Russisch - Fachlehrpläne	Fachlehrplan Russisch&nbsp;12 (grundlegendes Anforderungsniveau, spät beginnende Fremdsprache) Gymnasium, Russisch, Jahrgangsstufe 12
https://www.lehrplanplus.bayern.de/fachlehrplan/gymnasium/12/sozialwissenschaftl-arbeitsfelder	LehrplanPLUS - Gymnasium - 12 - Sozialwissenschaftliche Arbeitsfelder - Fachlehrpläne	Fachlehrplan Sozialwissenschaftliche Arbeitsfelder 12 Gymnasium, Sozialwissenschaftliche Arbeitsfelder, Jahrgangsstufe 12
https://www.lehrplanplus.bayern.de/fachlehrplan/gymnasium/12/spanisch/erhoeht	LehrplanPLUS - Gymnasium - 12, 13 - Spanisch - Fachlehrpläne	Fachlehrplan Spanisch&nbsp;12/13 (erhöhtes Anforderungsniveau) Gymnasium, Spanisch, Jahrgangsstufe 12/13
https://www.lehrplanplus.bayern.de/fachlehrplan/gymnasium/12/spanisch/grundlegend-3	LehrplanPLUS - Gymnasium - 12, 13 - Spanisch - Fachlehrpläne	Fachlehrplan Spanisch 12/13 (grundlegendes Anforderungsniveau, 3.&nbsp;Fremdsprache) Gymnasium, Spanisch, Jahrgangsstufe 12/13
https://www.lehrplanplus.bayern.de/fachlehrplan/gymnasium/12/spanisch/grundlegend-spaet	LehrplanPLUS - Gymnasium - 12 - Spanisch - Fachlehrpläne	Fachlehrplan Spanisch&nbsp;12 (grundlegendes Anforderungsniveau, spät beginnende Fremdsprache) Gymnasium, Spanisch, Jahrgangsstufe 12
https://www.lehrplanplus.bayern.de/fachlehrplan/gymnasium/12/sport/basissport	LehrplanPLUS - Gymnasium - 12, 13 - Sport - Fachlehrpläne	Fachlehrplan Sport 12/13 Gymnasium, Sport, Jahrgangsstufe 12/13
https://www.lehrplanplus.bayern.de/fachlehrplan/gymnasium/12/sport/sporttheorie	LehrplanPLUS - Gymnasium - 12, 13 - Sport - Fachlehrpläne	Fachlehrplan Sporttheorie 12/13 (erhöhtes Anforderungsniveau) Gymnasium, Sport, Jahrgangsstufe 12/13
https://www.lehrplanplus.bayern.de/fachlehrplan/gymnasium/12/stb	LehrplanPLUS - Gymnasium - 12, 13 - Tanz- und Bewegungskünstetheater - Fachlehrpläne	Fachlehrplan Tanz- und Bewegungskünstetheater 12/13 Gymnasium, Tanz- und Bewegungskünstetheater, Jahrgangsstufe 12/13
https://www.lehrplanplus.bayern.de/fachlehrplan/gymnasium/12/sug	LehrplanPLUS - Gymnasium - 12, 13 - Sport und Gesellschaft - Fachlehrpläne	Fachlehrplan Sport und Gesellschaft 12/13 Gymnasium, Sport und Gesellschaft, Jahrgangsstufe 12/13
https://www.lehrplanplus.bayern.de/fachlehrplan/gymnasium/12/tr	LehrplanPLUS - Gymnasium - 12 - Türkisch - Fachlehrpläne	Fachlehrplan Türkisch 12 (spät beginnende Fremdsprache) Gymnasium, Türkisch, Jahrgangsstufe 12
https://www.lehrplanplus.bayern.de/fachlehrplan/gymnasium/12/tsh	LehrplanPLUS - Gymnasium - 12 - Tschechisch - Fachlehrpläne	Fachlehrplan Tschechisch 12 (spät beginnende Fremdsprache) Gymnasium, Tschechisch, Jahrgangsstufe 12
https://www.lehrplanplus.bayern.de/fachlehrplan/gymnasium/12/tuf	LehrplanPLUS - Gymnasium - 12, 13 - Theater und Film - Fachlehrpläne	Fachlehrplan Theater und Film 12/13 Gymnasium, Theater und Film, Jahrgangsstufe 12/13
https://www.lehrplanplus.bayern.de/fachlehrplan/gymnasium/12/vokalensemble	LehrplanPLUS - Gymnasium - 12, 13 - Vokalensemble - Fachlehrpläne	Fachlehrplan Vokalensemble 12/13 Gymnasium, Vokalensemble, Jahrgangsstufe 12/13
https://www.lehrplanplus.bayern.de/fachlehrplan/gymnasium/12/w-seminar	LehrplanPLUS - Gymnasium - 12, 13 - Wissenschaftspropädeutisches Seminar - Fachlehrpläne	Fachlehrplan Wissenschaftspropädeutisches Seminar 12/13 Gymnasium, Wissenschaftspropädeutisches Seminar, Jahrgangsstufe 12/13
https://www.lehrplanplus.bayern.de/fachlehrplan/gymnasium/12/wirtschaft-und-recht/erhoeht	LehrplanPLUS - Gymnasium - 12 - Wirtschaft und Recht - Fachlehrpläne	Fachlehrplan Wirtschaft und Recht&nbsp;12 (erhöhtes Anforderungsniveau) Gymnasium, Wirtschaft und Recht, Jahrgangsstufe 12
https://www.lehrplanplus.bayern.de/fachlehrplan/gymnasium/12/wirtschaft-und-recht/grundlegend	LehrplanPLUS - Gymnasium - 12 - Wirtschaft und Recht - Fachlehrpläne	Fachlehrplan Wirtschaft und Recht 12 (grundlegendes Anforderungsniveau) Gymnasium, Wirtschaft und Recht, Jahrgangsstufe 12
https://www.lehrplanplus.bayern.de/fachlehrplan/gymnasium/12/wirtschaftsinformatik	LehrplanPLUS - Gymnasium - 12, 13 - Wirtschaftsinformatik - Fachlehrpläne	Fachlehrplan Wirtschaftsinformatik 12/13 Gymnasium, Wirtschaftsinformatik, Jahrgangsstufe 12/13
https://www.lehrplanplus.bayern.de/fachlehrplan/gymnasium/13/biologie/erhoeht	LehrplanPLUS - Gymnasium - 13 - Biologie - Fachlehrpläne	Fachlehrplan Biologie&nbsp;13 (erhöhtes Anforderungsniveau) Gymnasium, Biologie, Jahrgangsstufe 13
https://www.lehrplanplus.bayern.de/fachlehrplan/gymnasium/13/biologie/grundlegend	LehrplanPLUS - Gymnasium - 13 - Biologie - Fachlehrpläne	Fachlehrplan Biologie 13 (grundlegendes Anforderungsniveau) Gymnasium, Biologie, Jahrgangsstufe 13
https://www.lehrplanplus.bayern.de/fachlehrplan/gymnasium/13/chemie/erhoeht	LehrplanPLUS - Gymnasium - 13 - Chemie - Fachlehrpläne	Fachlehrplan Chemie&nbsp;13 (erhöhtes Anforderungsniveau) Gymnasium, Chemie, Jahrgangsstufe 13
https://www.lehrplanplus.bayern.de/fachlehrplan/gymnasium/13/chemie/grundlegend	LehrplanPLUS - Gymnasium - 13 - Chemie - Fachlehrpläne	Fachlehrplan Chemie 13 (grundlegendes Anforderungsniveau) Gymnasium, Chemie, Jahrgangsstufe 13
https://www.lehrplanplus.bayern.de/fachlehrplan/gymnasium/13/chi/grundlegend-spaet	LehrplanPLUS - Gymnasium - 13 - Chinesisch - Fachlehrpläne	Fachlehrplan Chinesisch 13 (spät beginnende Fremdsprache) Gymnasium, Chinesisch, Jahrgangsstufe 13
https://www.lehrplanplus.bayern.de/fachlehrplan/gymnasium/13/ethik/erhoeht	LehrplanPLUS - Gymnasium - 13 - Ethik - Fachlehrpläne	Fachlehrplan Ethik&nbsp;13 (erhöhtes Anforderungsniveau) Gymnasium, Ethik, Jahrgangsstufe 13
https://www.lehrplanplus.bayern.de/fachlehrplan/gymnasium/13/ethik/grundlegend	LehrplanPLUS - Gymnasium - 13 - Ethik - Fachlehrpläne	Fachlehrplan Ethik 13 (grundlegendes Anforderungsniveau) Gymnasium, Ethik, Jahrgangsstufe 13
https://www.lehrplanplus.bayern.de/fachlehrplan/gymnasium/13/evangelische-religionslehre/erhoeht	LehrplanPLUS - Gymnasium - 13 - Evangelische Religionslehre - Fachlehrpläne	Fachlehrplan Evangelische Religionslehre&nbsp;13 (erhöhtes Anforderungsniveau) Gymnasium, Evangelische Religionslehre, Jahrgangsstufe 13
https://www.lehrplanplus.bayern.de/fachlehrplan/gymnasium/13/evangelische-religionslehre/grundlegend	LehrplanPLUS - Gymnasium - 13 - Evangelische Religionslehre - Fachlehrpläne	Fachlehrplan Evangelische Religionslehre 13 (grundlegendes Anforderungsniveau) Gymnasium, Evangelische Religionslehre, Jahrgangsstufe 13
https://www.lehrplanplus.bayern.de/fachlehrplan/gymnasium/13/franzoesisch/grundlegend-spaet	LehrplanPLUS - Gymnasium - 13 - Französisch - Fachlehrpläne	Fachlehrplan Französisch 13 (grundlegendes Anforderungsniveau, spät beginnende Fremdsprache) Gymnasium, Französisch, Jahrgangsstufe 13
https://www.lehrplanplus.bayern.de/fachlehrplan/gymnasium/13/geographie/erhoeht	LehrplanPLUS - Gymnasium - 13 - Geographie - Fachlehrpläne	Fachlehrplan Geographie&nbsp;13 (erhöhtes Anforderungsniveau) Gymnasium, Geographie, Jahrgangsstufe 13
https://www.lehrplanplus.bayern.de/fachlehrplan/gymnasium/13/geographie/grundlegend	LehrplanPLUS - Gymnasium - 13 - Geographie - Fachlehrpläne	Fachlehrplan Geographie 13 (grundlegendes Anforderungsniveau) Gymnasium, Geographie, Jahrgangsstufe 13
https://www.lehrplanplus.bayern.de/fachlehrplan/gymnasium/13/geol	LehrplanPLUS - Gymnasium - 13 - Geologie - Fachlehrpläne	Fachlehrplan Geologie 13 Gymnasium, Geologie, Jahrgangsstufe 13
https://www.lehrplanplus.bayern.de/fachlehrplan/gymnasium/13/geschichte/erhoeht	LehrplanPLUS - Gymnasium - 13 - Geschichte - Fachlehrpläne	Fachlehrplan Geschichte&nbsp;13 (erhöhtes Anforderungsniveau) Gymnasium, Geschichte, Jahrgangsstufe 13
https://www.lehrplanplus.bayern.de/fachlehrplan/gymnasium/13/geschichte/grundlegend	LehrplanPLUS - Gymnasium - 13 - Geschichte - Fachlehrpläne	Fachlehrplan Geschichte 13 (grundlegendes Anforderungsniveau) Gymnasium, Geschichte, Jahrgangsstufe 13
https://www.lehrplanplus.bayern.de/fachlehrplan/gymnasium/13/griechisch/erhoeht	LehrplanPLUS - Gymnasium - 13 - Griechisch - Fachlehrpläne	Fachlehrplan Griechisch&nbsp;13 (erhöhtes Anforderungsniveau) Gymnasium, Griechisch, Jahrgangsstufe 13
https://www.lehrplanplus.bayern.de/fachlehrplan/gymnasium/13/griechisch/grundlegend	LehrplanPLUS - Gymnasium - 13 - Griechisch - Fachlehrpläne	Fachlehrplan Griechisch 13 (grundlegendes Anforderungsniveau) Gymnasium, Griechisch, Jahrgangsstufe 13
https://www.lehrplanplus.bayern.de/fachlehrplan/gymnasium/13/informatik/erhoeht	LehrplanPLUS - Gymnasium - 13 - Informatik - Fachlehrpläne	Fachlehrplan Informatik&nbsp;13 (erhöhtes Anforderungsniveau) Gymnasium, Informatik, Jahrgangsstufe 13
https://www.lehrplanplus.bayern.de/fachlehrplan/gymnasium/13/informatik/grundlegend	LehrplanPLUS - Gymnasium - 13 - Informatik - Fachlehrpläne	Fachlehrplan Informatik 13 und spät beginnende Informatik 13 (grundlegendes Anforderungsniveau) Gymnasium, Informatik, Jahrgangsstufe 13
https://www.lehrplanplus.bayern.de/fachlehrplan/gymnasium/13/ir/erhoeht	LehrplanPLUS - Gymnasium - 13 - Israelitische Religionslehre - Fachlehrpläne	Fachlehrplan Israelitische Religionslehre&nbsp;13 (erhöhtes Anforderungsniveau) Gymnasium, Israelitische Religionslehre, Jahrgangsstufe 13
https://www.lehrplanplus.bayern.de/fachlehrplan/gymnasium/13/ir/grundlegend	LehrplanPLUS - Gymnasium - 13 - Israelitische Religionslehre - Fachlehrpläne	Fachlehrplan Israelitische Religionslehre 13 (grundlegendes Anforderungsniveau) Gymnasium, Israelitische Religionslehre, Jahrgangsstufe 13
https://www.lehrplanplus.bayern.de/fachlehrplan/gymnasium/13/italienisch/grundlegend-spaet	LehrplanPLUS - Gymnasium - 13 - Italienisch - Fachlehrpläne	Fachlehrplan Italienisch 13 (grundlegendes Anforderungsniveau, spät beginnende Fremdsprache) Gymnasium, Italienisch, Jahrgangsstufe 13
https://www.lehrplanplus.bayern.de/fachlehrplan/gymnasium/13/katholische-religionslehre/erhoeht	LehrplanPLUS - Gymnasium - 13 - Katholische Religionslehre - Fachlehrpläne	Fachlehrplan Katholische Religionslehre&nbsp;13 (erhöhtes Anforderungsniveau) Gymnasium, Katholische Religionslehre, Jahrgangsstufe 13
https://www.lehrplanplus.bayern.de/fachlehrplan/gymnasium/13/katholische-religionslehre/grundlegend	LehrplanPLUS - Gymnasium - 13 - Katholische Religionslehre - Fachlehrpläne	Fachlehrplan Katholische Religionslehre 13 (grundlegendes Anforderungsniveau) Gymnasium, Katholische Religionslehre, Jahrgangsstufe 13
https://www.lehrplanplus.bayern.de/fachlehrplan/gymnasium/13/kunst/erhoeht	LehrplanPLUS - Gymnasium - 13 - Kunst - Fachlehrpläne	Fachlehrplan Kunst&nbsp;13 (erhöhtes Anforderungsniveau) Gymnasium, Kunst, Jahrgangsstufe 13
https://www.lehrplanplus.bayern.de/fachlehrplan/gymnasium/13/kunst/grundlegend	LehrplanPLUS - Gymnasium - 13 - Kunst - Fachlehrpläne	Fachlehrplan Kunst 13 (grundlegendes Anforderungsniveau) Gymnasium, Kunst, Jahrgangsstufe 13
https://www.lehrplanplus.bayern.de/fachlehrplan/gymnasium/13/latein/erhoeht	LehrplanPLUS - Gymnasium - 13 - Latein - Fachlehrpläne	Fachlehrplan Latein&nbsp;13 (erhöhtes Anforderungsniveau) Gymnasium, Latein, Jahrgangsstufe 13
https://www.lehrplanplus.bayern.de/fachlehrplan/gymnasium/13/latein/grundlegend	LehrplanPLUS - Gymnasium - 13 - Latein - Fachlehrpläne	Fachlehrplan Latein 13 (grundlegendes Anforderungsniveau) Gymnasium, Latein, Jahrgangsstufe 13
https://www.lehrplanplus.bayern.de/fachlehrplan/gymnasium/13/mathematik	LehrplanPLUS - Gymnasium - 13 - Mathematik - Fachlehrpläne	Fachlehrplan Mathematik 13 (erhöhtes Anforderungsniveau) Gymnasium, Mathematik, Jahrgangsstufe 13
https://www.lehrplanplus.bayern.de/fachlehrplan/gymnasium/13/musik/erhoeht	LehrplanPLUS - Gymnasium - 13 - Musik - Fachlehrpläne	Fachlehrplan Musik 13 (erhöhtes Anforderungsniveau) Gymnasium, Musik, Jahrgangsstufe 13
https://www.lehrplanplus.bayern.de/fachlehrplan/gymnasium/13/musik/grundlegend	LehrplanPLUS - Gymnasium - 13 - Musik - Fachlehrpläne	Fachlehrplan Musik 13 (grundlegendes Anforderungsniveau) Gymnasium, Musik, Jahrgangsstufe 13
https://www.lehrplanplus.bayern.de/fachlehrplan/gymnasium/13/or/erhoeht	LehrplanPLUS - Gymnasium - 13 - Orthodoxe Religionslehre - Fachlehrpläne	Fachlehrplan Orthodoxe Religionslehre&nbsp;13 (erhöhtes Anforderungsniveau) Gymnasium, Orthodoxe Religionslehre, Jahrgangsstufe 13
https://www.lehrplanplus.bayern.de/fachlehrplan/gymnasium/13/or/grundlegend	LehrplanPLUS - Gymnasium - 13 - Orthodoxe Religionslehre - Fachlehrpläne	Fachlehrplan Orthodoxe Religionslehre 13 (grundlegendes Anforderungsniveau) Gymnasium, Orthodoxe Religionslehre, Jahrgangsstufe 13
https://www.lehrplanplus.bayern.de/fachlehrplan/gymnasium/13/physik/erhoeht	LehrplanPLUS - Gymnasium - 13 - Physik - Fachlehrpläne	Fachlehrplan Physik&nbsp;13 (erhöhtes Anforderungsniveau) Gymnasium, Physik, Jahrgangsstufe 13
https://www.lehrplanplus.bayern.de/fachlehrplan/gymnasium/13/physik/grundlegend	LehrplanPLUS - Gymnasium - 13 - Physik - Fachlehrpläne	Fachlehrplan Physik 13 (grundlegendes Anforderungsniveau) Gymnasium, Physik, Jahrgangsstufe 13
https://www.lehrplanplus.bayern.de/fachlehrplan/gymnasium/13/physik/grundlegend-astro	LehrplanPLUS - Gymnasium - 13 - Physik - Fachlehrpläne	Fachlehrplan Physik 13 (grundlegendes Anforderungsniveau, Astrophysik) Gymnasium, Physik, Jahrgangsstufe 13
https://www.lehrplanplus.bayern.de/fachlehrplan/gymnasium/13/pln	LehrplanPLUS - Gymnasium - 13 - Polnisch - Fachlehrpläne	Fachlehrplan Polnisch 13 (spät beginnende Fremdsprache) Gymnasium, Polnisch, Jahrgangsstufe 13
https://www.lehrplanplus.bayern.de/fachlehrplan/gymnasium/13/pug/erhoeht	LehrplanPLUS - Gymnasium - 13 - Politik und Gesellschaft - Fachlehrpläne	Fachlehrplan Politik und Gesellschaft&nbsp;13 (erhöhtes Anforderungsniveau) Gymnasium, Politik und Gesellschaft, Jahrgangsstufe 13
https://www.lehrplanplus.bayern.de/fachlehrplan/gymnasium/13/pug/grundlegend	LehrplanPLUS - Gymnasium - 13 - Politik und Gesellschaft - Fachlehrpläne	Fachlehrplan Politik und Gesellschaft 13 (grundlegendes Anforderungsniveau) Gymnasium, Politik und Gesellschaft, Jahrgangsstufe 13
https://www.lehrplanplus.bayern.de/fachlehrplan/gymnasium/13/russisch/grundlegend-spaet	LehrplanPLUS - Gymnasium - 13 - Russisch - Fachlehrpläne	Fachlehrplan Russisch 13 (grundlegendes Anforderungsniveau, spät beginnende Fremdsprache) Gymnasium, Russisch, Jahrgangsstufe 13
https://www.lehrplanplus.bayern.de/fachlehrplan/gymnasium/13/sozialwissenschaftl-arbeitsfelder	LehrplanPLUS - Gymnasium - 13 - Sozialwissenschaftliche Arbeitsfelder - Fachlehrpläne	Fachlehrplan Sozialwissenschaftliche Arbeitsfelder 13 Gymnasium, Sozialwissenschaftliche Arbeitsfelder, Jahrgangsstufe 13
https://www.lehrplanplus.bayern.de/fachlehrplan/gymnasium/13/spanisch/grundlegend-spaet	LehrplanPLUS - Gymnasium - 13 - Spanisch - Fachlehrpläne	Fachlehrplan Spanisch 13 (grundlegendes Anforderungsniveau, spät beginnende Fremdsprache) Gymnasium, Spanisch, Jahrgangsstufe 13
https://www.lehrplanplus.bayern.de/fachlehrplan/gymnasium/13/tr	LehrplanPLUS - Gymnasium - 13 - Türkisch - Fachlehrpläne	Fachlehrplan Türkisch 13 (spät beginnende Fremdsprache) Gymnasium, Türkisch, Jahrgangsstufe 13
https://www.lehrplanplus.bayern.de/fachlehrplan/gymnasium/13/tsh	LehrplanPLUS - Gymnasium - 13 - Tschechisch - Fachlehrpläne	Fachlehrplan Tschechisch 13 (spät beginnende Fremdsprache) Gymnasium, Tschechisch, Jahrgangsstufe 13
https://www.lehrplanplus.bayern.de/fachlehrplan/gymnasium/13/wirtschaft-und-recht/erhoeht	LehrplanPLUS - Gymnasium - 13 - Wirtschaft und Recht - Fachlehrpläne	Fachlehrplan Wirtschaft und Recht&nbsp;13 (erhöhtes Anforderungsniveau) Gymnasium, Wirtschaft und Recht, Jahrgangsstufe 13
https://www.lehrplanplus.bayern.de/fachlehrplan/gymnasium/13/wirtschaft-und-recht/grundlegend	LehrplanPLUS - Gymnasium - 13 - Wirtschaft und Recht - Fachlehrpläne	Fachlehrplan Wirtschaft und Recht 13 (grundlegendes Anforderungsniveau) Gymnasium, Wirtschaft und Recht, Jahrgangsstufe 13
https://www.lehrplanplus.bayern.de/fachlehrplan/gymnasium/5/deutsch	LehrplanPLUS - Gymnasium - 5 - Deutsch - Fachlehrpläne	Fachlehrplan Deutsch 5 Gymnasium, Deutsch, Jahrgangsstufe 5
https://www.lehrplanplus.bayern.de/fachlehrplan/gymnasium/5/englisch/1-fremdsprache	LehrplanPLUS - Gymnasium - 5 - Englisch - Fachlehrpläne	Fachlehrplan Englisch 5 (1.&nbsp;Fremdsprache) Gymnasium, Englisch, Jahrgangsstufe 5
https://www.lehrplanplus.bayern.de/fachlehrplan/gymnasium/5/ethik	LehrplanPLUS - Gymnasium - 5 - Ethik - Fachlehrpläne	Fachlehrplan Ethik 5 Gymnasium, Ethik, Jahrgangsstufe 5
https://www.lehrplanplus.bayern.de/fachlehrplan/gymnasium/5/evangelische-religionslehre	LehrplanPLUS - Gymnasium - 5 - Evangelische Religionslehre - Fachlehrpläne	Fachlehrplan Evangelische Religionslehre 5 Gymnasium, Evangelische Religionslehre, Jahrgangsstufe 5
https://www.lehrplanplus.bayern.de/fachlehrplan/gymnasium/5/franzoesisch/1-fremdsprache	LehrplanPLUS - Gymnasium - 5 - Französisch - Fachlehrpläne	Fachlehrplan Französisch 5 (1.&nbsp;Fremdsprache) Gymnasium, Französisch, Jahrgangsstufe 5
https://www.lehrplanplus.bayern.de/fachlehrplan/gymnasium/5/geographie	LehrplanPLUS - Gymnasium - 5 - Geographie - Fachlehrpläne	Fachlehrplan Geographie 5 Gymnasium, Geographie, Jahrgangsstufe 5
https://www.lehrplanplus.bayern.de/fachlehrplan/gymnasium/5/ir	LehrplanPLUS - Gymnasium - 5 - Israelitische Religionslehre - Fachlehrpläne	Fachlehrplan Israelitische Religionslehre 5 Gymnasium, Israelitische Religionslehre, Jahrgangsstufe 5
https://www.lehrplanplus.bayern.de/fachlehrplan/gymnasium/5/iu	LehrplanPLUS - Gymnasium - 5 - Islamischer Unterricht - Fachlehrpläne	Fachlehrplan Islamischer Unterricht 5 Gymnasium, Islamischer Unterricht, Jahrgangsstufe 5
https://www.lehrplanplus.bayern.de/fachlehrplan/gymnasium/5/katholische-religionslehre	LehrplanPLUS - Gymnasium - 5 - Katholische Religionslehre - Fachlehrpläne	Fachlehrplan Katholische Religionslehre 5 Gymnasium, Katholische Religionslehre, Jahrgangsstufe 5
https://www.lehrplanplus.bayern.de/fachlehrplan/gymnasium/5/kunst	LehrplanPLUS - Gymnasium - 5 - Kunst - Fachlehrpläne	Fachlehrplan Kunst 5 Gymnasium, Kunst, Jahrgangsstufe 5
https://www.lehrplanplus.bayern.de/fachlehrplan/gymnasium/5/latein/1-fremdsprache	LehrplanPLUS - Gymnasium - 5 - Latein - Fachlehrpläne	Fachlehrplan Latein 5 (1.&nbsp;Fremdsprache) Gymnasium, Latein, Jahrgangsstufe 5
https://www.lehrplanplus.bayern.de/fachlehrplan/gymnasium/5/mathematik	LehrplanPLUS - Gymnasium - 5 - Mathematik - Fachlehrpläne	Fachlehrplan Mathematik 5 Gymnasium, Mathematik, Jahrgangsstufe 5
https://www.lehrplanplus.bayern.de/fachlehrplan/gymnasium/5/musik	LehrplanPLUS - Gymnasium - 5 - Musik - Fachlehrpläne	Fachlehrplan Musik 5 Gymnasium, Musik, Jahrgangsstufe 5
https://www.lehrplanplus.bayern.de/fachlehrplan/gymnasium/5/nt_gym	LehrplanPLUS - Gymnasium - 5 - Natur und Technik (Gym) - Fachlehrpläne	Fachlehrplan Natur und Technik 5 Gymnasium, Natur und Technik (Gym), Jahrgangsstufe 5
https://www.lehrplanplus.bayern.de/fachlehrplan/gymnasium/5/or	LehrplanPLUS - Gymnasium - 5 - Orthodoxe Religionslehre - Fachlehrpläne	Fachlehrplan Orthodoxe Religionslehre 5 Gymnasium, Orthodoxe Religionslehre, Jahrgangsstufe 5
https://www.lehrplanplus.bayern.de/fachlehrplan/gymnasium/5/sport/basis_sport	LehrplanPLUS - Gymnasium - 5 - Sport - Fachlehrpläne	Fachlehrplan Basissport 5 Gymnasium, Sport, Jahrgangsstufe 5
https://www.lehrplanplus.bayern.de/fachlehrplan/gymnasium/5/sport/diff_sport	LehrplanPLUS - Gymnasium - 5, 6, 7, 8, 9, 10, 11 - Sport - Fachlehrpläne	Fachlehrplan Differenzierter Sport Gymnasium, Sport, Jahrgangsstufe 5-11
https://www.lehrplanplus.bayern.de/fachlehrplan/gymnasium/6/deutsch	LehrplanPLUS - Gymnasium - 6 - Deutsch - Fachlehrpläne	Fachlehrplan Deutsch 6 Gymnasium, Deutsch, Jahrgangsstufe 6
https://www.lehrplanplus.bayern.de/fachlehrplan/gymnasium/6/englisch/1-fremdsprache	LehrplanPLUS - Gymnasium - 6 - Englisch - Fachlehrpläne	Fachlehrplan Englisch 6 (1.&nbsp;Fremdsprache) Gymnasium, Englisch, Jahrgangsstufe 6
https://www.lehrplanplus.bayern.de/fachlehrplan/gymnasium/6/englisch/2-fremdsprache	LehrplanPLUS - Gymnasium - 6 - Englisch - Fachlehrpläne	Fachlehrplan Englisch 6 (2.&nbsp;Fremdsprache) Gymnasium, Englisch, Jahrgangsstufe 6
https://www.lehrplanplus.bayern.de/fachlehrplan/gymnasium/6/ethik	LehrplanPLUS - Gymnasium - 6 - Ethik - Fachlehrpläne	Fachlehrplan Ethik 6 Gymnasium, Ethik, Jahrgangsstufe 6
https://www.lehrplanplus.bayern.de/fachlehrplan/gymnasium/6/evangelische-religionslehre	LehrplanPLUS - Gymnasium - 6 - Evangelische Religionslehre - Fachlehrpläne	Fachlehrplan Evangelische Religionslehre 6 Gymnasium, Evangelische Religionslehre, Jahrgangsstufe 6
https://www.lehrplanplus.bayern.de/fachlehrplan/gymnasium/6/franzoesisch/1-fremdsprache	LehrplanPLUS - Gymnasium - 6 - Französisch - Fachlehrpläne	Fachlehrplan Französisch 6 (1.&nbsp;Fremdsprache) Gymnasium, Französisch, Jahrgangsstufe 6
https://www.lehrplanplus.bayern.de/fachlehrplan/gymnasium/6/franzoesisch/2-fremdsprache	LehrplanPLUS - Gymnasium - 6 - Französisch - Fachlehrpläne	Fachlehrplan Französisch 6 (2.&nbsp;Fremdsprache) Gymnasium, Französisch, Jahrgangsstufe 6
https://www.lehrplanplus.bayern.de/fachlehrplan/gymnasium/6/geschichte	LehrplanPLUS - Gymnasium - 6 - Geschichte - Fachlehrpläne	Fachlehrplan Geschichte 6 &ndash; Von den ersten Menschen bis zu Karl dem Großen Gymnasium, Geschichte, Jahrgangsstufe 6
https://www.lehrplanplus.bayern.de/fachlehrplan/gymnasium/6/ir	LehrplanPLUS - Gymnasium - 6 - Israelitische Religionslehre - Fachlehrpläne	Fachlehrplan Israelitische Religionslehre 6 Gymnasium, Israelitische Religionslehre, Jahrgangsstufe 6
https://www.lehrplanplus.bayern.de/fachlehrplan/gymnasium/6/iu	LehrplanPLUS - Gymnasium - 6 - Islamischer Unterricht - Fachlehrpläne	Fachlehrplan Islamischer Unterricht 6 Gymnasium, Islamischer Unterricht, Jahrgangsstufe 6
https://www.lehrplanplus.bayern.de/fachlehrplan/gymnasium/6/katholische-religionslehre	LehrplanPLUS - Gymnasium - 6 - Katholische Religionslehre - Fachlehrpläne	Fachlehrplan Katholische Religionslehre 6 Gymnasium, Katholische Religionslehre, Jahrgangsstufe 6
https://www.lehrplanplus.bayern.de/fachlehrplan/gymnasium/6/kunst	LehrplanPLUS - Gymnasium - 6 - Kunst - Fachlehrpläne	Fachlehrplan Kunst 6 Gymnasium, Kunst, Jahrgangsstufe 6
https://www.lehrplanplus.bayern.de/fachlehrplan/gymnasium/6/latein/1-fremdsprache	LehrplanPLUS - Gymnasium - 6 - Latein - Fachlehrpläne	Fachlehrplan Latein 6 (1.&nbsp;Fremdsprache) Gymnasium, Latein, Jahrgangsstufe 6
https://www.lehrplanplus.bayern.de/fachlehrplan/gymnasium/6/latein/2-fremdsprache	LehrplanPLUS - Gymnasium - 6 - Latein - Fachlehrpläne	Fachlehrplan Latein 6 (2.&nbsp;Fremdsprache) Gymnasium, Latein, Jahrgangsstufe 6
https://www.lehrplanplus.bayern.de/fachlehrplan/gymnasium/6/mathematik	LehrplanPLUS - Gymnasium - 6 - Mathematik - Fachlehrpläne	Fachlehrplan Mathematik 6 Gymnasium, Mathematik, Jahrgangsstufe 6
https://www.lehrplanplus.bayern.de/fachlehrplan/gymnasium/6/musik	LehrplanPLUS - Gymnasium - 6 - Musik - Fachlehrpläne	Fachlehrplan Musik 6 Gymnasium, Musik, Jahrgangsstufe 6
https://www.lehrplanplus.bayern.de/fachlehrplan/gymnasium/6/nt_gym	LehrplanPLUS - Gymnasium - 6 - Natur und Technik (Gym) - Fachlehrpläne	Fachlehrplan Natur und Technik 6 Gymnasium, Natur und Technik (Gym), Jahrgangsstufe 6
https://www.lehrplanplus.bayern.de/fachlehrplan/gymnasium/6/or	LehrplanPLUS - Gymnasium - 6 - Orthodoxe Religionslehre - Fachlehrpläne	Fachlehrplan Orthodoxe Religionslehre 6 Gymnasium, Orthodoxe Religionslehre, Jahrgangsstufe 6
https://www.lehrplanplus.bayern.de/fachlehrplan/gymnasium/6/sport/basis_sport	LehrplanPLUS - Gymnasium - 6 - Sport - Fachlehrpläne	Fachlehrplan Basissport 6 Gymnasium, Sport, Jahrgangsstufe 6
https://www.lehrplanplus.bayern.de/fachlehrplan/gymnasium/7/deutsch	LehrplanPLUS - Gymnasium - 7 - Deutsch - Fachlehrpläne	Fachlehrplan Deutsch 7 Gymnasium, Deutsch, Jahrgangsstufe 7
https://www.lehrplanplus.bayern.de/fachlehrplan/gymnasium/7/englisch/1-fremdsprache	LehrplanPLUS - Gymnasium - 7 - Englisch - Fachlehrpläne	Fachlehrplan Englisch 7 (1.&nbsp;Fremdsprache) Gymnasium, Englisch, Jahrgangsstufe 7
https://www.lehrplanplus.bayern.de/fachlehrplan/gymnasium/7/englisch/2-fremdsprache	LehrplanPLUS - Gymnasium - 7 - Englisch - Fachlehrpläne	Fachlehrplan Englisch 7 (2.&nbsp;Fremdsprache) Gymnasium, Englisch, Jahrgangsstufe 7
https://www.lehrplanplus.bayern.de/fachlehrplan/gymnasium/7/ethik	LehrplanPLUS - Gymnasium - 7 - Ethik - Fachlehrpläne	Fachlehrplan Ethik 7 Gymnasium, Ethik, Jahrgangsstufe 7
https://www.lehrplanplus.bayern.de/fachlehrplan/gymnasium/7/evangelische-religionslehre	LehrplanPLUS - Gymnasium - 7 - Evangelische Religionslehre - Fachlehrpläne	Fachlehrplan Evangelische Religionslehre 7 Gymnasium, Evangelische Religionslehre, Jahrgangsstufe 7
https://www.lehrplanplus.bayern.de/fachlehrplan/gymnasium/7/franzoesisch/1-fremdsprache	LehrplanPLUS - Gymnasium - 7 - Französisch - Fachlehrpläne	Fachlehrplan Französisch 7 (1.&nbsp;Fremdsprache) Gymnasium, Französisch, Jahrgangsstufe 7
https://www.lehrplanplus.bayern.de/fachlehrplan/gymnasium/7/franzoesisch/2-fremdsprache	LehrplanPLUS - Gymnasium - 7 - Französisch - Fachlehrpläne	Fachlehrplan Französisch 7 (2.&nbsp;Fremdsprache) Gymnasium, Französisch, Jahrgangsstufe 7
https://www.lehrplanplus.bayern.de/fachlehrplan/gymnasium/7/geographie	LehrplanPLUS - Gymnasium - 7 - Geographie - Fachlehrpläne	Fachlehrplan Geographie 7 Gymnasium, Geographie, Jahrgangsstufe 7
https://www.lehrplanplus.bayern.de/fachlehrplan/gymnasium/7/geschichte	LehrplanPLUS - Gymnasium - 7 - Geschichte - Fachlehrpläne	Fachlehrplan Geschichte 7 &ndash; Vom Mittelalter zum Absolutismus Gymnasium, Geschichte, Jahrgangsstufe 7
https://www.lehrplanplus.bayern.de/fachlehrplan/gymnasium/7/ir	LehrplanPLUS - Gymnasium - 7 - Israelitische Religionslehre - Fachlehrpläne	Fachlehrplan Israelitische Religionslehre 7 Gymnasium, Israelitische Religionslehre, Jahrgangsstufe 7
https://www.lehrplanplus.bayern.de/fachlehrplan/gymnasium/7/iu	LehrplanPLUS - Gymnasium - 7 - Islamischer Unterricht - Fachlehrpläne	Fachlehrplan Islamischer Unterricht 7 Gymnasium, Islamischer Unterricht, Jahrgangsstufe 7
https://www.lehrplanplus.bayern.de/fachlehrplan/gymnasium/7/katholische-religionslehre	LehrplanPLUS - Gymnasium - 7 - Katholische Religionslehre - Fachlehrpläne	Fachlehrplan Katholische Religionslehre 7 Gymnasium, Katholische Religionslehre, Jahrgangsstufe 7
https://www.lehrplanplus.bayern.de/fachlehrplan/gymnasium/7/kunst	LehrplanPLUS - Gymnasium - 7 - Kunst - Fachlehrpläne	Fachlehrplan Kunst 7 Gymnasium, Kunst, Jahrgangsstufe 7
https://www.lehrplanplus.bayern.de/fachlehrplan/gymnasium/7/latein/1-fremdsprache	LehrplanPLUS - Gymnasium - 7 - Latein - Fachlehrpläne	Fachlehrplan Latein 7 (1.&nbsp;Fremdsprache) Gymnasium, Latein, Jahrgangsstufe 7
https://www.lehrplanplus.bayern.de/fachlehrplan/gymnasium/7/latein/2-fremdsprache	LehrplanPLUS - Gymnasium - 7 - Latein - Fachlehrpläne	Fachlehrplan Latein 7 (2.&nbsp;Fremdsprache) Gymnasium, Latein, Jahrgangsstufe 7
https://www.lehrplanplus.bayern.de/fachlehrplan/gymnasium/7/mathematik	LehrplanPLUS - Gymnasium - 7 - Mathematik - Fachlehrpläne	Fachlehrplan Mathematik 7 Gymnasium, Mathematik, Jahrgangsstufe 7
https://www.lehrplanplus.bayern.de/fachlehrplan/gymnasium/7/musik	LehrplanPLUS - Gymnasium - 7 - Musik - Fachlehrpläne	Fachlehrplan Musik 7 Gymnasium, Musik, Jahrgangsstufe 7
https://www.lehrplanplus.bayern.de/fachlehrplan/gymnasium/7/nt_gym	LehrplanPLUS - Gymnasium - 7 - Natur und Technik (Gym) - Fachlehrpläne	Fachlehrplan Natur und Technik 7 Gymnasium, Natur und Technik (Gym), Jahrgangsstufe 7
https://www.lehrplanplus.bayern.de/fachlehrplan/gymnasium/7/or	LehrplanPLUS - Gymnasium - 7 - Orthodoxe Religionslehre - Fachlehrpläne	Fachlehrplan Orthodoxe Religionslehre 7 Gymnasium, Orthodoxe Religionslehre, Jahrgangsstufe 7
https://www.lehrplanplus.bayern.de/fachlehrplan/gymnasium/7/sport/basis_sport	LehrplanPLUS - Gymnasium - 7 - Sport - Fachlehrpläne	Fachlehrplan Basissport 7 Gymnasium, Sport, Jahrgangsstufe 7
https://www.lehrplanplus.bayern.de/fachlehrplan/gymnasium/8/biologie	LehrplanPLUS - Gymnasium - 8 - Biologie - Fachlehrpläne	Fachlehrplan Biologie 8 Gymnasium, Biologie, Jahrgangsstufe 8
https://www.lehrplanplus.bayern.de/fachlehrplan/gymnasium/8/chemie/ch-ntg	LehrplanPLUS - Gymnasium - 8 - Chemie - Fachlehrpläne	Fachlehrplan Chemie 8 (NTG) Gymnasium, Chemie, Jahrgangsstufe 8
https://www.lehrplanplus.bayern.de/fachlehrplan/gymnasium/8/chi/3-fremdsprache	LehrplanPLUS - Gymnasium - 8 - Chinesisch - Fachlehrpläne	Fachlehrplan Chinesisch 8 (3.&nbsp;Fremdsprache) Gymnasium, Chinesisch, Jahrgangsstufe 8
https://www.lehrplanplus.bayern.de/fachlehrplan/gymnasium/8/deutsch	LehrplanPLUS - Gymnasium - 8 - Deutsch - Fachlehrpläne	Fachlehrplan Deutsch 8 Gymnasium, Deutsch, Jahrgangsstufe 8
https://www.lehrplanplus.bayern.de/fachlehrplan/gymnasium/8/englisch/1-fremdsprache	LehrplanPLUS - Gymnasium - 8 - Englisch - Fachlehrpläne	Fachlehrplan Englisch 8 (1.&nbsp;Fremdsprache) Gymnasium, Englisch, Jahrgangsstufe 8
https://www.lehrplanplus.bayern.de/fachlehrplan/gymnasium/8/englisch/2-fremdsprache	LehrplanPLUS - Gymnasium - 8 - Englisch - Fachlehrpläne	Fachlehrplan Englisch 8 (2.&nbsp;Fremdsprache) Gymnasium, Englisch, Jahrgangsstufe 8
https://www.lehrplanplus.bayern.de/fachlehrplan/gymnasium/8/ethik	LehrplanPLUS - Gymnasium - 8 - Ethik - Fachlehrpläne	Fachlehrplan Ethik 8 Gymnasium, Ethik, Jahrgangsstufe 8
https://www.lehrplanplus.bayern.de/fachlehrplan/gymnasium/8/evangelische-religionslehre	LehrplanPLUS - Gymnasium - 8 - Evangelische Religionslehre - Fachlehrpläne	Fachlehrplan Evangelische Religionslehre 8 Gymnasium, Evangelische Religionslehre, Jahrgangsstufe 8
https://www.lehrplanplus.bayern.de/fachlehrplan/gymnasium/8/franzoesisch/1fs	LehrplanPLUS - Gymnasium - 8 - Französisch - Fachlehrpläne	Fachlehrplan Französisch 8 (1.&nbsp;Fremdsprache) Gymnasium, Französisch, Jahrgangsstufe 8
https://www.lehrplanplus.bayern.de/fachlehrplan/gymnasium/8/franzoesisch/2fs	LehrplanPLUS - Gymnasium - 8 - Französisch - Fachlehrpläne	Fachlehrplan Französisch 8 (2.&nbsp;Fremdsprache) Gymnasium, Französisch, Jahrgangsstufe 8
https://www.lehrplanplus.bayern.de/fachlehrplan/gymnasium/8/franzoesisch/3-fremdsprache	LehrplanPLUS - Gymnasium - 8 - Französisch - Fachlehrpläne	Fachlehrplan Französisch 8 (3.&nbsp;Fremdsprache) Gymnasium, Französisch, Jahrgangsstufe 8
https://www.lehrplanplus.bayern.de/fachlehrplan/gymnasium/8/geschichte	LehrplanPLUS - Gymnasium - 8 - Geschichte - Fachlehrpläne	Fachlehrplan Geschichte 8 &ndash; Das lange 19. Jahrhundert Gymnasium, Geschichte, Jahrgangsstufe 8
https://www.lehrplanplus.bayern.de/fachlehrplan/gymnasium/8/griechisch	LehrplanPLUS - Gymnasium - 8 - Griechisch - Fachlehrpläne	Fachlehrplan Griechisch 8 (3.&nbsp;Fremdsprache) Gymnasium, Griechisch, Jahrgangsstufe 8
https://www.lehrplanplus.bayern.de/fachlehrplan/gymnasium/8/ir	LehrplanPLUS - Gymnasium - 8 - Israelitische Religionslehre - Fachlehrpläne	Fachlehrplan Israelitische Religionslehre 8 Gymnasium, Israelitische Religionslehre, Jahrgangsstufe 8
https://www.lehrplanplus.bayern.de/fachlehrplan/gymnasium/8/italienisch/3-fremdsprache	LehrplanPLUS - Gymnasium - 8 - Italienisch - Fachlehrpläne	Fachlehrplan Italienisch 8 (3.&nbsp;Fremdsprache) Gymnasium, Italienisch, Jahrgangsstufe 8
https://www.lehrplanplus.bayern.de/fachlehrplan/gymnasium/8/iu	LehrplanPLUS - Gymnasium - 8 - Islamischer Unterricht - Fachlehrpläne	Fachlehrplan Islamischer Unterricht 8 Gymnasium, Islamischer Unterricht, Jahrgangsstufe 8
https://www.lehrplanplus.bayern.de/fachlehrplan/gymnasium/8/katholische-religionslehre	LehrplanPLUS - Gymnasium - 8 - Katholische Religionslehre - Fachlehrpläne	Fachlehrplan Katholische Religionslehre 8 Gymnasium, Katholische Religionslehre, Jahrgangsstufe 8
https://www.lehrplanplus.bayern.de/fachlehrplan/gymnasium/8/kunst	LehrplanPLUS - Gymnasium - 8 - Kunst - Fachlehrpläne	Fachlehrplan Kunst 8 Gymnasium, Kunst, Jahrgangsstufe 8
https://www.lehrplanplus.bayern.de/fachlehrplan/gymnasium/8/latein/1-fremdsprache	LehrplanPLUS - Gymnasium - 8 - Latein - Fachlehrpläne	Fachlehrplan Latein 8 (1.&nbsp;Fremdsprache) Gymnasium, Latein, Jahrgangsstufe 8
https://www.lehrplanplus.bayern.de/fachlehrplan/gymnasium/8/latein/2-fremdsprache	LehrplanPLUS - Gymnasium - 8 - Latein - Fachlehrpläne	Fachlehrplan Latein 8 (2.&nbsp;Fremdsprache) Gymnasium, Latein, Jahrgangsstufe 8
https://www.lehrplanplus.bayern.de/fachlehrplan/gymnasium/8/mathematik	LehrplanPLUS - Gymnasium - 8 - Mathematik - Fachlehrpläne	Fachlehrplan Mathematik 8 Gymnasium, Mathematik, Jahrgangsstufe 8
https://www.lehrplanplus.bayern.de/fachlehrplan/gymnasium/8/musik	LehrplanPLUS - Gymnasium - 8 - Musik - Fachlehrpläne	Fachlehrplan Musik 8 Gymnasium, Musik, Jahrgangsstufe 8
https://www.lehrplanplus.bayern.de/fachlehrplan/gymnasium/8/or	LehrplanPLUS - Gymnasium - 8 - Orthodoxe Religionslehre - Fachlehrpläne	Fachlehrplan Orthodoxe Religionslehre 8 Gymnasium, Orthodoxe Religionslehre, Jahrgangsstufe 8
https://www.lehrplanplus.bayern.de/fachlehrplan/gymnasium/8/physik	LehrplanPLUS - Gymnasium - 8 - Physik - Fachlehrpläne	Fachlehrplan Physik 8 – Phänomene experimentell untersuchen und modellieren Gymnasium, Physik, Jahrgangsstufe 8
https://www.lehrplanplus.bayern.de/fachlehrplan/gymnasium/8/pug	LehrplanPLUS - Gymnasium - 8 - Politik und Gesellschaft - Fachlehrpläne	Fachlehrplan Politik und Gesellschaft 8 (SWG) Gymnasium, Politik und Gesellschaft, Jahrgangsstufe 8
https://www.lehrplanplus.bayern.de/fachlehrplan/gymnasium/8/russisch/3-fremdsprache	LehrplanPLUS - Gymnasium - 8 - Russisch - Fachlehrpläne	Fachlehrplan Russisch 8 (3.&nbsp;Fremdsprache) Gymnasium, Russisch, Jahrgangsstufe 8
https://www.lehrplanplus.bayern.de/fachlehrplan/gymnasium/8/spanisch/3-fremdsprache	LehrplanPLUS - Gymnasium - 8 - Spanisch - Fachlehrpläne	Fachlehrplan Spanisch 8 (3.&nbsp;Fremdsprache) Gymnasium, Spanisch, Jahrgangsstufe 8
https://www.lehrplanplus.bayern.de/fachlehrplan/gymnasium/8/sport/basis_sport	LehrplanPLUS - Gymnasium - 8 - Sport - Fachlehrpläne	Fachlehrplan Basissport 8 Gymnasium, Sport, Jahrgangsstufe 8
https://www.lehrplanplus.bayern.de/fachlehrplan/gymnasium/8/wirtschaft-und-recht/wsg-w	LehrplanPLUS - Gymnasium - 8 - Wirtschaft und Recht - Fachlehrpläne	Fachlehrplan Wirtschaft und Recht 8 (WWG) Gymnasium, Wirtschaft und Recht, Jahrgangsstufe 8
https://www.lehrplanplus.bayern.de/fachlehrplan/gymnasium/9/berufliche_orientierung/modul_berufliche_orientierung	LehrplanPLUS - Gymnasium - 9 - Berufliche Orientierung - Fachlehrpläne	Fachlehrplan Berufliche Orientierung 9 (Modul) Gymnasium, Berufliche Orientierung, Jahrgangsstufe 9
https://www.lehrplanplus.bayern.de/fachlehrplan/gymnasium/9/biologie	LehrplanPLUS - Gymnasium - 9 - Biologie - Fachlehrpläne	Fachlehrplan Biologie 9 Gymnasium, Biologie, Jahrgangsstufe 9
https://www.lehrplanplus.bayern.de/fachlehrplan/gymnasium/9/chemie/ch	LehrplanPLUS - Gymnasium - 9 - Chemie - Fachlehrpläne	Fachlehrplan Chemie 9 (HG, SG, MuG, WWG, SWG) Gymnasium, Chemie, Jahrgangsstufe 9
https://www.lehrplanplus.bayern.de/fachlehrplan/gymnasium/9/chemie/ch-ntg	LehrplanPLUS - Gymnasium - 9 - Chemie - Fachlehrpläne	Fachlehrplan Chemie 9 (NTG) Gymnasium, Chemie, Jahrgangsstufe 9
https://www.lehrplanplus.bayern.de/fachlehrplan/gymnasium/9/chi/3-fremdsprache	LehrplanPLUS - Gymnasium - 9 - Chinesisch - Fachlehrpläne	Fachlehrplan Chinesisch 9 (3.&nbsp;Fremdsprache) Gymnasium, Chinesisch, Jahrgangsstufe 9
https://www.lehrplanplus.bayern.de/fachlehrplan/gymnasium/9/deutsch	LehrplanPLUS - Gymnasium - 9 - Deutsch - Fachlehrpläne	Fachlehrplan Deutsch 9 Gymnasium, Deutsch, Jahrgangsstufe 9
https://www.lehrplanplus.bayern.de/fachlehrplan/gymnasium/9/englisch/1-fremdsprache	LehrplanPLUS - Gymnasium - 9 - Englisch - Fachlehrpläne	Fachlehrplan Englisch 9 (1.&nbsp;Fremdsprache) Gymnasium, Englisch, Jahrgangsstufe 9
https://www.lehrplanplus.bayern.de/fachlehrplan/gymnasium/9/englisch/2-fremdsprache	LehrplanPLUS - Gymnasium - 9 - Englisch - Fachlehrpläne	Fachlehrplan Englisch 9 (2.&nbsp;Fremdsprache) Gymnasium, Englisch, Jahrgangsstufe 9
https://www.lehrplanplus.bayern.de/fachlehrplan/gymnasium/9/ethik	LehrplanPLUS - Gymnasium - 9 - Ethik - Fachlehrpläne	Fachlehrplan Ethik 9 Gymnasium, Ethik, Jahrgangsstufe 9
https://www.lehrplanplus.bayern.de/fachlehrplan/gymnasium/9/evangelische-religionslehre	LehrplanPLUS - Gymnasium - 9 - Evangelische Religionslehre - Fachlehrpläne	Fachlehrplan Evangelische Religionslehre 9 Gymnasium, Evangelische Religionslehre, Jahrgangsstufe 9
https://www.lehrplanplus.bayern.de/fachlehrplan/gymnasium/9/franzoesisch/1-fremdsprache	LehrplanPLUS - Gymnasium - 9 - Französisch - Fachlehrpläne	Fachlehrplan Französisch 9 (1.&nbsp;Fremdsprache) Gymnasium, Französisch, Jahrgangsstufe 9
https://www.lehrplanplus.bayern.de/fachlehrplan/gymnasium/9/franzoesisch/2-fremdsprache	LehrplanPLUS - Gymnasium - 9 - Französisch - Fachlehrpläne	Fachlehrplan Französisch 9 (2.&nbsp;Fremdsprache) Gymnasium, Französisch, Jahrgangsstufe 9
https://www.lehrplanplus.bayern.de/fachlehrplan/gymnasium/9/franzoesisch/3-fremdsprache	LehrplanPLUS - Gymnasium - 9 - Französisch - Fachlehrpläne	Fachlehrplan Französisch 9 (3.&nbsp;Fremdsprache) Gymnasium, Französisch, Jahrgangsstufe 9
https://www.lehrplanplus.bayern.de/fachlehrplan/gymnasium/9/geschichte	LehrplanPLUS - Gymnasium - 9 - Geschichte - Fachlehrpläne	Fachlehrplan Geschichte 9 &ndash; Das kurze 20. Jahrhundert Gymnasium, Geschichte, Jahrgangsstufe 9
https://www.lehrplanplus.bayern.de/fachlehrplan/gymnasium/9/griechisch	LehrplanPLUS - Gymnasium - 9 - Griechisch - Fachlehrpläne	Fachlehrplan Griechisch 9 (3.&nbsp;Fremdsprache) Gymnasium, Griechisch, Jahrgangsstufe 9
https://www.lehrplanplus.bayern.de/fachlehrplan/gymnasium/9/informatik	LehrplanPLUS - Gymnasium - 9 - Informatik - Fachlehrpläne	Fachlehrplan Informatik 9 (NTG) Gymnasium, Informatik, Jahrgangsstufe 9
https://www.lehrplanplus.bayern.de/fachlehrplan/gymnasium/9/ir	LehrplanPLUS - Gymnasium - 9 - Israelitische Religionslehre - Fachlehrpläne	Fachlehrplan Israelitische Religionslehre 9 Gymnasium, Israelitische Religionslehre, Jahrgangsstufe 9
https://www.lehrplanplus.bayern.de/fachlehrplan/gymnasium/9/italienisch/3-fremdsprache	LehrplanPLUS - Gymnasium - 9 - Italienisch - Fachlehrpläne	Fachlehrplan Italienisch 9 (3.&nbsp;Fremdsprache) Gymnasium, Italienisch, Jahrgangsstufe 9
https://www.lehrplanplus.bayern.de/fachlehrplan/gymnasium/9/iu	LehrplanPLUS - Gymnasium - 9 - Islamischer Unterricht - Fachlehrpläne	Fachlehrplan Islamischer Unterricht 9 Gymnasium, Islamischer Unterricht, Jahrgangsstufe 9
https://www.lehrplanplus.bayern.de/fachlehrplan/gymnasium/9/katholische-religionslehre	LehrplanPLUS - Gymnasium - 9 - Katholische Religionslehre - Fachlehrpläne	Fachlehrplan Katholische Religionslehre 9 Gymnasium, Katholische Religionslehre, Jahrgangsstufe 9
https://www.lehrplanplus.bayern.de/fachlehrplan/gymnasium/9/kunst	LehrplanPLUS - Gymnasium - 9 - Kunst - Fachlehrpläne	Fachlehrplan Kunst 9 Gymnasium, Kunst, Jahrgangsstufe 9
https://www.lehrplanplus.bayern.de/fachlehrplan/gymnasium/9/latein/1-2-fremdsprache	LehrplanPLUS - Gymnasium - 9 - Latein - Fachlehrpläne	Fachlehrplan Latein 9 (1./2.&nbsp;Fremdsprache) Gymnasium, Latein, Jahrgangsstufe 9
https://www.lehrplanplus.bayern.de/fachlehrplan/gymnasium/9/mathematik	LehrplanPLUS - Gymnasium - 9 - Mathematik - Fachlehrpläne	Fachlehrplan Mathematik 9 Gymnasium, Mathematik, Jahrgangsstufe 9
https://www.lehrplanplus.bayern.de/fachlehrplan/gymnasium/9/musik	LehrplanPLUS - Gymnasium - 9 - Musik - Fachlehrpläne	Fachlehrplan Musik 9 Gymnasium, Musik, Jahrgangsstufe 9
https://www.lehrplanplus.bayern.de/fachlehrplan/gymnasium/9/or	LehrplanPLUS - Gymnasium - 9 - Orthodoxe Religionslehre - Fachlehrpläne	Fachlehrplan Orthodoxe Religionslehre 9 Gymnasium, Orthodoxe Religionslehre, Jahrgangsstufe 9
https://www.lehrplanplus.bayern.de/fachlehrplan/gymnasium/9/physik	LehrplanPLUS - Gymnasium - 9 - Physik - Fachlehrpläne	Fachlehrplan Physik 9 – Physikalische Erkenntnisse für Argumentationen nutzen Gymnasium, Physik, Jahrgangsstufe 9
https://www.lehrplanplus.bayern.de/fachlehrplan/gymnasium/9/pug	LehrplanPLUS - Gymnasium - 9 - Politik und Gesellschaft - Fachlehrpläne	Fachlehrplan Politik und Gesellschaft 9 (SWG) Gymnasium, Politik und Gesellschaft, Jahrgangsstufe 9
https://www.lehrplanplus.bayern.de/fachlehrplan/gymnasium/9/russisch/3-fremdsprache	LehrplanPLUS - Gymnasium - 9 - Russisch - Fachlehrpläne	Fachlehrplan Russisch 9 (3.&nbsp;Fremdsprache) Gymnasium, Russisch, Jahrgangsstufe 9
https://www.lehrplanplus.bayern.de/fachlehrplan/gymnasium/9/sozialpraktische-grundbildung	LehrplanPLUS - Gymnasium - 9 - Sozialpraktische Grundbildung - Fachlehrpläne	Fachlehrplan Sozialpraktische Grundbildung 9 (SWG) Gymnasium, Sozialpraktische Grundbildung, Jahrgangsstufe 9
https://www.lehrplanplus.bayern.de/fachlehrplan/gymnasium/9/spanisch/3-fremdsprache	LehrplanPLUS - Gymnasium - 9 - Spanisch - Fachlehrpläne	Fachlehrplan Spanisch 9 (3.&nbsp;Fremdsprache) Gymnasium, Spanisch, Jahrgangsstufe 9
https://www.lehrplanplus.bayern.de/fachlehrplan/gymnasium/9/sport/basis_sport	LehrplanPLUS - Gymnasium - 9 - Sport - Fachlehrpläne	Fachlehrplan Basissport 9 Gymnasium, Sport, Jahrgangsstufe 9
https://www.lehrplanplus.bayern.de/fachlehrplan/gymnasium/9/wirtschaft-und-recht/wsg-w	LehrplanPLUS - Gymnasium - 9 - Wirtschaft und Recht - Fachlehrpläne	Fachlehrplan Wirtschaft und Recht 9 (WWG) Gymnasium, Wirtschaft und Recht, Jahrgangsstufe 9
https://www.lehrplanplus.bayern.de/fachlehrplan/gymnasium/9/wirtschaftsinformatik	LehrplanPLUS - Gymnasium - 9 - Wirtschaftsinformatik - Fachlehrpläne	Fachlehrplan Wirtschaftsinformatik 9 (WWG) Gymnasium, Wirtschaftsinformatik, Jahrgangsstufe 9
https://www.lehrplanplus.bayern.de/fachlehrplan/mittelschule/10/buchf%C3%BChrung/mittlere-reife-klasse	LehrplanPLUS - Mittelschule - 10 - Buchführung - Fachlehrpläne	Fachlehrplan Buchführung M10 Mittelschule, Buchführung, Jahrgangsstufe 10
https://www.lehrplanplus.bayern.de/fachlehrplan/mittelschule/10/deutsch/mittlere-reife-klasse	LehrplanPLUS - Mittelschule - 10 - Deutsch - Fachlehrpläne	Fachlehrplan Deutsch M10 Mittelschule, Deutsch, Jahrgangsstufe 10
https://www.lehrplanplus.bayern.de/fachlehrplan/mittelschule/10/englisch/mittlere-reife-klasse	LehrplanPLUS - Mittelschule - 10 - Englisch - Fachlehrpläne	Fachlehrplan Englisch M10 Mittelschule, Englisch, Jahrgangsstufe 10
https://www.lehrplanplus.bayern.de/fachlehrplan/mittelschule/10/es/mittlere-reife-klasse	LehrplanPLUS - Mittelschule - 10 - Ernährung und Soziales - Fachlehrpläne	Fachlehrplan Ernährung und Soziales M10 Mittelschule, Ernährung und Soziales , Jahrgangsstufe 10
https://www.lehrplanplus.bayern.de/fachlehrplan/mittelschule/10/ethik/mittlere-reife-klasse	LehrplanPLUS - Mittelschule - 10 - Ethik - Fachlehrpläne	Fachlehrplan Ethik M10 Mittelschule, Ethik, Jahrgangsstufe 10
https://www.lehrplanplus.bayern.de/fachlehrplan/mittelschule/10/evangelische-religionslehre/mittlere-reife-klasse	LehrplanPLUS - Mittelschule - 10 - Evangelische Religionslehre - Fachlehrpläne	Fachlehrplan Evangelische Religionslehre M10 Mittelschule, Evangelische Religionslehre, Jahrgangsstufe 10
https://www.lehrplanplus.bayern.de/fachlehrplan/mittelschule/10/gpg/mittlere-reife-klasse	LehrplanPLUS - Mittelschule - 10 - Geschichte/Politik/Geographie - Fachlehrpläne	Fachlehrplan Geschichte/Politik/Geographie M10 Mittelschule, Geschichte/Politik/Geographie , Jahrgangsstufe 10
https://www.lehrplanplus.bayern.de/fachlehrplan/mittelschule/10/informatik/mittlere-reife-klasse	LehrplanPLUS - Mittelschule - 10 - Informatik - Fachlehrpläne	Fachlehrplan Informatik M10 Mittelschule, Informatik, Jahrgangsstufe 10
https://www.lehrplanplus.bayern.de/fachlehrplan/mittelschule/10/iu/mittlere-reife-klasse	LehrplanPLUS - Mittelschule - 10 - Islamischer Unterricht - Fachlehrpläne	Fachlehrplan Islamischer Unterricht M10 Mittelschule, Islamischer Unterricht, Jahrgangsstufe 10
https://www.lehrplanplus.bayern.de/fachlehrplan/mittelschule/10/katholische-religionslehre/mittlere-reife-klasse	LehrplanPLUS - Mittelschule - 10 - Katholische Religionslehre - Fachlehrpläne	Fachlehrplan Katholische Religionslehre M10 Mittelschule, Katholische Religionslehre, Jahrgangsstufe 10
https://www.lehrplanplus.bayern.de/fachlehrplan/mittelschule/10/kunst/mittlere-reife-zug	LehrplanPLUS - Mittelschule - 10 - Kunst - Fachlehrpläne	Fachlehrplan Kunst M10 Mittelschule, Kunst, Jahrgangsstufe 10
https://www.lehrplanplus.bayern.de/fachlehrplan/mittelschule/10/mathematik/mittlere-reife-klasse	LehrplanPLUS - Mittelschule - 10 - Mathematik - Fachlehrpläne	Fachlehrplan Mathematik M10 Mittelschule, Mathematik, Jahrgangsstufe 10
https://www.lehrplanplus.bayern.de/fachlehrplan/mittelschule/10/musik/mittlere-reife-zug	LehrplanPLUS - Mittelschule - 10 - Musik - Fachlehrpläne	Fachlehrplan Musik M10 Mittelschule, Musik, Jahrgangsstufe 10
https://www.lehrplanplus.bayern.de/fachlehrplan/mittelschule/10/nt/mittlere-reife-klasse	LehrplanPLUS - Mittelschule - 10 - Natur und Technik - Fachlehrpläne	Fachlehrplan Natur und Technik M10 Mittelschule, Natur und Technik , Jahrgangsstufe 10
https://www.lehrplanplus.bayern.de/fachlehrplan/mittelschule/10/or/mittlere-reife-klasse	LehrplanPLUS - Mittelschule - 10 - Orthodoxe Religionslehre - Fachlehrpläne	Fachlehrplan Orthodoxe Religionslehre M10 Mittelschule, Orthodoxe Religionslehre, Jahrgangsstufe 10
https://www.lehrplanplus.bayern.de/fachlehrplan/mittelschule/10/sport/mittlere-reife-zug	LehrplanPLUS - Mittelschule - 10 - Sport - Fachlehrpläne	Fachlehrplan Basissport M10 Mittelschule, Sport, Jahrgangsstufe 10
https://www.lehrplanplus.bayern.de/fachlehrplan/mittelschule/10/t/mittlere-reife-klasse	LehrplanPLUS - Mittelschule - 10 - Technik - Fachlehrpläne	Fachlehrplan Technik M10 Mittelschule, Technik, Jahrgangsstufe 10
https://www.lehrplanplus.bayern.de/fachlehrplan/mittelschule/10/wib/mittlere-reife-klasse	LehrplanPLUS - Mittelschule - 10 - Wirtschaft und Beruf - Fachlehrpläne	Fachlehrplan Wirtschaft und Beruf M10 Mittelschule, Wirtschaft und Beruf , Jahrgangsstufe 10
https://www.lehrplanplus.bayern.de/fachlehrplan/mittelschule/10/wik/mittlere-reife-klasse	LehrplanPLUS - Mittelschule - 10 - Wirtschaft und Kommunikation - Fachlehrpläne	Fachlehrplan Wirtschaft und Kommunikation M10 Mittelschule, Wirtschaft und Kommunikation , Jahrgangsstufe 10
https://www.lehrplanplus.bayern.de/fachlehrplan/mittelschule/5/daz/regelklasse	LehrplanPLUS - Mittelschule - 5, 6, 7, 8, 9 - Deutsch als Zweitsprache - Fachlehrpläne	Fachlehrplan Deutsch als Zweitsprache Mittelschule, Deutsch als Zweitsprache, Jahrgangsstufe 5-9
https://www.lehrplanplus.bayern.de/fachlehrplan/mittelschule/5/daz/regelklasse#79003	LehrplanPLUS - Mittelschule - 5, 6, 7, 8, 9 - Deutsch als Zweitsprache - Fachlehrpläne	Fachlehrplan Deutsch als Zweitsprache Mittelschule, Deutsch als Zweitsprache, Jahrgangsstufe 5-9
https://www.lehrplanplus.bayern.de/fachlehrplan/mittelschule/5/daz/regelklasse#79005	LehrplanPLUS - Mittelschule - 5, 6, 7, 8, 9 - Deutsch als Zweitsprache - Fachlehrpläne	Fachlehrplan Deutsch als Zweitsprache Mittelschule, Deutsch als Zweitsprache, Jahrgangsstufe 5-9
https://www.lehrplanplus.bayern.de/fachlehrplan/mittelschule/5/daz/regelklasse#79007	LehrplanPLUS - Mittelschule - 5, 6, 7, 8, 9 - Deutsch als Zweitsprache - Fachlehrpläne	Fachlehrplan Deutsch als Zweitsprache Mittelschule, Deutsch als Zweitsprache, Jahrgangsstufe 5-9
https://www.lehrplanplus.bayern.de/fachlehrplan/mittelschule/5/daz/regelklasse#79008	LehrplanPLUS - Mittelschule - 5, 6, 7, 8, 9 - Deutsch als Zweitsprache - Fachlehrpläne	Fachlehrplan Deutsch als Zweitsprache Mittelschule, Deutsch als Zweitsprache, Jahrgangsstufe 5-9
https://www.lehrplanplus.bayern.de/fachlehrplan/mittelschule/5/daz/regelklasse#79009	LehrplanPLUS - Mittelschule - 5, 6, 7, 8, 9 - Deutsch als Zweitsprache - Fachlehrpläne	Fachlehrplan Deutsch als Zweitsprache Mittelschule, Deutsch als Zweitsprache, Jahrgangsstufe 5-9
https://www.lehrplanplus.bayern.de/fachlehrplan/mittelschule/5/daz/regelklasse#79010	LehrplanPLUS - Mittelschule - 5, 6, 7, 8, 9 - Deutsch als Zweitsprache - Fachlehrpläne	Fachlehrplan Deutsch als Zweitsprache Mittelschule, Deutsch als Zweitsprache, Jahrgangsstufe 5-9
https://www.lehrplanplus.bayern.de/fachlehrplan/mittelschule/5/daz/regelklasse#79011	LehrplanPLUS - Mittelschule - 5, 6, 7, 8, 9 - Deutsch als Zweitsprache - Fachlehrpläne	Fachlehrplan Deutsch als Zweitsprache Mittelschule, Deutsch als Zweitsprache, Jahrgangsstufe 5-9
https://www.lehrplanplus.bayern.de/fachlehrplan/mittelschule/5/daz/regelklasse#79012	LehrplanPLUS - Mittelschule - 5, 6, 7, 8, 9 - Deutsch als Zweitsprache - Fachlehrpläne	Fachlehrplan Deutsch als Zweitsprache Mittelschule, Deutsch als Zweitsprache, Jahrgangsstufe 5-9
https://www.lehrplanplus.bayern.de/fachlehrplan/mittelschule/5/daz/regelklasse#79013	LehrplanPLUS - Mittelschule - 5, 6, 7, 8, 9 - Deutsch als Zweitsprache - Fachlehrpläne	Fachlehrplan Deutsch als Zweitsprache Mittelschule, Deutsch als Zweitsprache, Jahrgangsstufe 5-9
https://www.lehrplanplus.bayern.de/fachlehrplan/mittelschule/5/daz/regelklasse#79014	LehrplanPLUS - Mittelschule - 5, 6, 7, 8, 9 - Deutsch als Zweitsprache - Fachlehrpläne	Fachlehrplan Deutsch als Zweitsprache Mittelschule, Deutsch als Zweitsprache, Jahrgangsstufe 5-9
https://www.lehrplanplus.bayern.de/fachlehrplan/mittelschule/5/daz/regelklasse#79015	LehrplanPLUS - Mittelschule - 5, 6, 7, 8, 9 - Deutsch als Zweitsprache - Fachlehrpläne	Fachlehrplan Deutsch als Zweitsprache Mittelschule, Deutsch als Zweitsprache, Jahrgangsstufe 5-9
https://www.lehrplanplus.bayern.de/fachlehrplan/mittelschule/5/daz/regelklasse#79016	LehrplanPLUS - Mittelschule - 5, 6, 7, 8, 9 - Deutsch als Zweitsprache - Fachlehrpläne	Fachlehrplan Deutsch als Zweitsprache Mittelschule, Deutsch als Zweitsprache, Jahrgangsstufe 5-9
https://www.lehrplanplus.bayern.de/fachlehrplan/mittelschule/5/daz/regelklasse#79017	LehrplanPLUS - Mittelschule - 5, 6, 7, 8, 9 - Deutsch als Zweitsprache - Fachlehrpläne	Fachlehrplan Deutsch als Zweitsprache Mittelschule, Deutsch als Zweitsprache, Jahrgangsstufe 5-9
https://www.lehrplanplus.bayern.de/fachlehrplan/mittelschule/5/daz/regelklasse#79018	LehrplanPLUS - Mittelschule - 5, 6, 7, 8, 9 - Deutsch als Zweitsprache - Fachlehrpläne	Fachlehrplan Deutsch als Zweitsprache Mittelschule, Deutsch als Zweitsprache, Jahrgangsstufe 5-9
https://www.lehrplanplus.bayern.de/fachlehrplan/mittelschule/5/daz/regelklasse#79020	LehrplanPLUS - Mittelschule - 5, 6, 7, 8, 9 - Deutsch als Zweitsprache - Fachlehrpläne	Fachlehrplan Deutsch als Zweitsprache Mittelschule, Deutsch als Zweitsprache, Jahrgangsstufe 5-9
https://www.lehrplanplus.bayern.de/fachlehrplan/mittelschule/5/daz/regelklasse#79021	LehrplanPLUS - Mittelschule - 5, 6, 7, 8, 9 - Deutsch als Zweitsprache - Fachlehrpläne	Fachlehrplan Deutsch als Zweitsprache Mittelschule, Deutsch als Zweitsprache, Jahrgangsstufe 5-9
https://www.lehrplanplus.bayern.de/fachlehrplan/mittelschule/5/daz/regelklasse#79023	LehrplanPLUS - Mittelschule - 5, 6, 7, 8, 9 - Deutsch als Zweitsprache - Fachlehrpläne	Fachlehrplan Deutsch als Zweitsprache Mittelschule, Deutsch als Zweitsprache, Jahrgangsstufe 5-9
https://www.lehrplanplus.bayern.de/fachlehrplan/mittelschule/5/daz/regelklasse#79025	LehrplanPLUS - Mittelschule - 5, 6, 7, 8, 9 - Deutsch als Zweitsprache - Fachlehrpläne	Fachlehrplan Deutsch als Zweitsprache Mittelschule, Deutsch als Zweitsprache, Jahrgangsstufe 5-9
https://www.lehrplanplus.bayern.de/fachlehrplan/mittelschule/5/daz/regelklasse#79027	LehrplanPLUS - Mittelschule - 5, 6, 7, 8, 9 - Deutsch als Zweitsprache - Fachlehrpläne	Fachlehrplan Deutsch als Zweitsprache Mittelschule, Deutsch als Zweitsprache, Jahrgangsstufe 5-9
https://www.lehrplanplus.bayern.de/fachlehrplan/mittelschule/5/daz/regelklasse#79029	LehrplanPLUS - Mittelschule - 5, 6, 7, 8, 9 - Deutsch als Zweitsprache - Fachlehrpläne	Fachlehrplan Deutsch als Zweitsprache Mittelschule, Deutsch als Zweitsprache, Jahrgangsstufe 5-9
https://www.lehrplanplus.bayern.de/fachlehrplan/mittelschule/5/daz/regelklasse#79031	LehrplanPLUS - Mittelschule - 5, 6, 7, 8, 9 - Deutsch als Zweitsprache - Fachlehrpläne	Fachlehrplan Deutsch als Zweitsprache Mittelschule, Deutsch als Zweitsprache, Jahrgangsstufe 5-9
https://www.lehrplanplus.bayern.de/fachlehrplan/mittelschule/5/daz/regelklasse#79032	LehrplanPLUS - Mittelschule - 5, 6, 7, 8, 9 - Deutsch als Zweitsprache - Fachlehrpläne	Fachlehrplan Deutsch als Zweitsprache Mittelschule, Deutsch als Zweitsprache, Jahrgangsstufe 5-9
https://www.lehrplanplus.bayern.de/fachlehrplan/mittelschule/5/daz/regelklasse#79034	LehrplanPLUS - Mittelschule - 5, 6, 7, 8, 9 - Deutsch als Zweitsprache - Fachlehrpläne	Fachlehrplan Deutsch als Zweitsprache Mittelschule, Deutsch als Zweitsprache, Jahrgangsstufe 5-9
https://www.lehrplanplus.bayern.de/fachlehrplan/mittelschule/5/daz/regelklasse#79035	LehrplanPLUS - Mittelschule - 5, 6, 7, 8, 9 - Deutsch als Zweitsprache - Fachlehrpläne	Fachlehrplan Deutsch als Zweitsprache Mittelschule, Deutsch als Zweitsprache, Jahrgangsstufe 5-9
https://www.lehrplanplus.bayern.de/fachlehrplan/mittelschule/5/daz/regelklasse#79037	LehrplanPLUS - Mittelschule - 5, 6, 7, 8, 9 - Deutsch als Zweitsprache - Fachlehrpläne	Fachlehrplan Deutsch als Zweitsprache Mittelschule, Deutsch als Zweitsprache, Jahrgangsstufe 5-9
https://www.lehrplanplus.bayern.de/fachlehrplan/mittelschule/5/daz/regelklasse#79038	LehrplanPLUS - Mittelschule - 5, 6, 7, 8, 9 - Deutsch als Zweitsprache - Fachlehrpläne	Fachlehrplan Deutsch als Zweitsprache Mittelschule, Deutsch als Zweitsprache, Jahrgangsstufe 5-9
https://www.lehrplanplus.bayern.de/fachlehrplan/mittelschule/5/daz/regelklasse#79040	LehrplanPLUS - Mittelschule - 5, 6, 7, 8, 9 - Deutsch als Zweitsprache - Fachlehrpläne	Fachlehrplan Deutsch als Zweitsprache Mittelschule, Deutsch als Zweitsprache, Jahrgangsstufe 5-9
https://www.lehrplanplus.bayern.de/fachlehrplan/mittelschule/5/daz/regelklasse#79041	LehrplanPLUS - Mittelschule - 5, 6, 7, 8, 9 - Deutsch als Zweitsprache - Fachlehrpläne	Fachlehrplan Deutsch als Zweitsprache Mittelschule, Deutsch als Zweitsprache, Jahrgangsstufe 5-9
https://www.lehrplanplus.bayern.de/fachlehrplan/mittelschule/5/daz/regelklasse#79043	LehrplanPLUS - Mittelschule - 5, 6, 7, 8, 9 - Deutsch als Zweitsprache - Fachlehrpläne	Fachlehrplan Deutsch als Zweitsprache Mittelschule, Deutsch als Zweitsprache, Jahrgangsstufe 5-9
https://www.lehrplanplus.bayern.de/fachlehrplan/mittelschule/5/daz/regelklasse#79044	LehrplanPLUS - Mittelschule - 5, 6, 7, 8, 9 - Deutsch als Zweitsprache - Fachlehrpläne	Fachlehrplan Deutsch als Zweitsprache Mittelschule, Deutsch als Zweitsprache, Jahrgangsstufe 5-9
https://www.lehrplanplus.bayern.de/fachlehrplan/mittelschule/5/daz/regelklasse#79045	LehrplanPLUS - Mittelschule - 5, 6, 7, 8, 9 - Deutsch als Zweitsprache - Fachlehrpläne	Fachlehrplan Deutsch als Zweitsprache Mittelschule, Deutsch als Zweitsprache, Jahrgangsstufe 5-9
https://www.lehrplanplus.bayern.de/fachlehrplan/mittelschule/5/daz/regelklasse#79046	LehrplanPLUS - Mittelschule - 5, 6, 7, 8, 9 - Deutsch als Zweitsprache - Fachlehrpläne	Fachlehrplan Deutsch als Zweitsprache Mittelschule, Deutsch als Zweitsprache, Jahrgangsstufe 5-9
https://www.lehrplanplus.bayern.de/fachlehrplan/mittelschule/5/daz/regelklasse#79047	LehrplanPLUS - Mittelschule - 5, 6, 7, 8, 9 - Deutsch als Zweitsprache - Fachlehrpläne	Fachlehrplan Deutsch als Zweitsprache Mittelschule, Deutsch als Zweitsprache, Jahrgangsstufe 5-9
https://www.lehrplanplus.bayern.de/fachlehrplan/mittelschule/5/daz/regelklasse#79048	LehrplanPLUS - Mittelschule - 5, 6, 7, 8, 9 - Deutsch als Zweitsprache - Fachlehrpläne	Fachlehrplan Deutsch als Zweitsprache Mittelschule, Deutsch als Zweitsprache, Jahrgangsstufe 5-9
https://www.lehrplanplus.bayern.de/fachlehrplan/mittelschule/5/daz/regelklasse#79049	LehrplanPLUS - Mittelschule - 5, 6, 7, 8, 9 - Deutsch als Zweitsprache - Fachlehrpläne	Fachlehrplan Deutsch als Zweitsprache Mittelschule, Deutsch als Zweitsprache, Jahrgangsstufe 5-9
https://www.lehrplanplus.bayern.de/fachlehrplan/mittelschule/5/daz/regelklasse#79050	LehrplanPLUS - Mittelschule - 5, 6, 7, 8, 9 - Deutsch als Zweitsprache - Fachlehrpläne	Fachlehrplan Deutsch als Zweitsprache Mittelschule, Deutsch als Zweitsprache, Jahrgangsstufe 5-9
https://www.lehrplanplus.bayern.de/fachlehrplan/mittelschule/5/daz/regelklasse#79051	LehrplanPLUS - Mittelschule - 5, 6, 7, 8, 9 - Deutsch als Zweitsprache - Fachlehrpläne	Fachlehrplan Deutsch als Zweitsprache Mittelschule, Deutsch als Zweitsprache, Jahrgangsstufe 5-9
https://www.lehrplanplus.bayern.de/fachlehrplan/mittelschule/5/daz/regelklasse#79052	LehrplanPLUS - Mittelschule - 5, 6, 7, 8, 9 - Deutsch als Zweitsprache - Fachlehrpläne	Fachlehrplan Deutsch als Zweitsprache Mittelschule, Deutsch als Zweitsprache, Jahrgangsstufe 5-9
https://www.lehrplanplus.bayern.de/fachlehrplan/mittelschule/5/daz/regelklasse#79053	LehrplanPLUS - Mittelschule - 5, 6, 7, 8, 9 - Deutsch als Zweitsprache - Fachlehrpläne	Fachlehrplan Deutsch als Zweitsprache Mittelschule, Deutsch als Zweitsprache, Jahrgangsstufe 5-9
https://www.lehrplanplus.bayern.de/fachlehrplan/mittelschule/5/daz/regelklasse#79054	LehrplanPLUS - Mittelschule - 5, 6, 7, 8, 9 - Deutsch als Zweitsprache - Fachlehrpläne	Fachlehrplan Deutsch als Zweitsprache Mittelschule, Deutsch als Zweitsprache, Jahrgangsstufe 5-9
https://www.lehrplanplus.bayern.de/fachlehrplan/mittelschule/5/daz/regelklasse#79055	LehrplanPLUS - Mittelschule - 5, 6, 7, 8, 9 - Deutsch als Zweitsprache - Fachlehrpläne	Fachlehrplan Deutsch als Zweitsprache Mittelschule, Deutsch als Zweitsprache, Jahrgangsstufe 5-9
https://www.lehrplanplus.bayern.de/fachlehrplan/mittelschule/5/daz/regelklasse#79056	LehrplanPLUS - Mittelschule - 5, 6, 7, 8, 9 - Deutsch als Zweitsprache - Fachlehrpläne	Fachlehrplan Deutsch als Zweitsprache Mittelschule, Deutsch als Zweitsprache, Jahrgangsstufe 5-9
https://www.lehrplanplus.bayern.de/fachlehrplan/mittelschule/5/daz/regelklasse#79057	LehrplanPLUS - Mittelschule - 5, 6, 7, 8, 9 - Deutsch als Zweitsprache - Fachlehrpläne	Fachlehrplan Deutsch als Zweitsprache Mittelschule, Deutsch als Zweitsprache, Jahrgangsstufe 5-9
https://www.lehrplanplus.bayern.de/fachlehrplan/mittelschule/5/daz/regelklasse#79058	LehrplanPLUS - Mittelschule - 5, 6, 7, 8, 9 - Deutsch als Zweitsprache - Fachlehrpläne	Fachlehrplan Deutsch als Zweitsprache Mittelschule, Deutsch als Zweitsprache, Jahrgangsstufe 5-9
https://www.lehrplanplus.bayern.de/fachlehrplan/mittelschule/5/daz/regelklasse#79059	LehrplanPLUS - Mittelschule - 5, 6, 7, 8, 9 - Deutsch als Zweitsprache - Fachlehrpläne	Fachlehrplan Deutsch als Zweitsprache Mittelschule, Deutsch als Zweitsprache, Jahrgangsstufe 5-9
https://www.lehrplanplus.bayern.de/fachlehrplan/mittelschule/5/daz/regelklasse#79060	LehrplanPLUS - Mittelschule - 5, 6, 7, 8, 9 - Deutsch als Zweitsprache - Fachlehrpläne	Fachlehrplan Deutsch als Zweitsprache Mittelschule, Deutsch als Zweitsprache, Jahrgangsstufe 5-9
https://www.lehrplanplus.bayern.de/fachlehrplan/mittelschule/5/daz/regelklasse#79061	LehrplanPLUS - Mittelschule - 5, 6, 7, 8, 9 - Deutsch als Zweitsprache - Fachlehrpläne	Fachlehrplan Deutsch als Zweitsprache Mittelschule, Deutsch als Zweitsprache, Jahrgangsstufe 5-9
https://www.lehrplanplus.bayern.de/fachlehrplan/mittelschule/5/daz/regelklasse#79062	LehrplanPLUS - Mittelschule - 5, 6, 7, 8, 9 - Deutsch als Zweitsprache - Fachlehrpläne	Fachlehrplan Deutsch als Zweitsprache Mittelschule, Deutsch als Zweitsprache, Jahrgangsstufe 5-9
https://www.lehrplanplus.bayern.de/fachlehrplan/mittelschule/5/daz/regelklasse#79063	LehrplanPLUS - Mittelschule - 5, 6, 7, 8, 9 - Deutsch als Zweitsprache - Fachlehrpläne	Fachlehrplan Deutsch als Zweitsprache Mittelschule, Deutsch als Zweitsprache, Jahrgangsstufe 5-9
https://www.lehrplanplus.bayern.de/fachlehrplan/mittelschule/5/daz/regelklasse#79064	LehrplanPLUS - Mittelschule - 5, 6, 7, 8, 9 - Deutsch als Zweitsprache - Fachlehrpläne	Fachlehrplan Deutsch als Zweitsprache Mittelschule, Deutsch als Zweitsprache, Jahrgangsstufe 5-9
https://www.lehrplanplus.bayern.de/fachlehrplan/mittelschule/5/daz/regelklasse#79065	LehrplanPLUS - Mittelschule - 5, 6, 7, 8, 9 - Deutsch als Zweitsprache - Fachlehrpläne	Fachlehrplan Deutsch als Zweitsprache Mittelschule, Deutsch als Zweitsprache, Jahrgangsstufe 5-9
https://www.lehrplanplus.bayern.de/fachlehrplan/mittelschule/5/daz/regelklasse#79066	LehrplanPLUS - Mittelschule - 5, 6, 7, 8, 9 - Deutsch als Zweitsprache - Fachlehrpläne	Fachlehrplan Deutsch als Zweitsprache Mittelschule, Deutsch als Zweitsprache, Jahrgangsstufe 5-9
https://www.lehrplanplus.bayern.de/fachlehrplan/mittelschule/5/daz/regelklasse#79067	LehrplanPLUS - Mittelschule - 5, 6, 7, 8, 9 - Deutsch als Zweitsprache - Fachlehrpläne	Fachlehrplan Deutsch als Zweitsprache Mittelschule, Deutsch als Zweitsprache, Jahrgangsstufe 5-9
https://www.lehrplanplus.bayern.de/fachlehrplan/mittelschule/5/daz/regelklasse#79068	LehrplanPLUS - Mittelschule - 5, 6, 7, 8, 9 - Deutsch als Zweitsprache - Fachlehrpläne	Fachlehrplan Deutsch als Zweitsprache Mittelschule, Deutsch als Zweitsprache, Jahrgangsstufe 5-9
https://www.lehrplanplus.bayern.de/fachlehrplan/mittelschule/5/daz/regelklasse#79069	LehrplanPLUS - Mittelschule - 5, 6, 7, 8, 9 - Deutsch als Zweitsprache - Fachlehrpläne	Fachlehrplan Deutsch als Zweitsprache Mittelschule, Deutsch als Zweitsprache, Jahrgangsstufe 5-9
https://www.lehrplanplus.bayern.de/fachlehrplan/mittelschule/5/daz/regelklasse#79070	LehrplanPLUS - Mittelschule - 5, 6, 7, 8, 9 - Deutsch als Zweitsprache - Fachlehrpläne	Fachlehrplan Deutsch als Zweitsprache Mittelschule, Deutsch als Zweitsprache, Jahrgangsstufe 5-9
https://www.lehrplanplus.bayern.de/fachlehrplan/mittelschule/5/daz/regelklasse#79071	LehrplanPLUS - Mittelschule - 5, 6, 7, 8, 9 - Deutsch als Zweitsprache - Fachlehrpläne	Fachlehrplan Deutsch als Zweitsprache Mittelschule, Deutsch als Zweitsprache, Jahrgangsstufe 5-9
https://www.lehrplanplus.bayern.de/fachlehrplan/mittelschule/5/daz/regelklasse#79072	LehrplanPLUS - Mittelschule - 5, 6, 7, 8, 9 - Deutsch als Zweitsprache - Fachlehrpläne	Fachlehrplan Deutsch als Zweitsprache Mittelschule, Deutsch als Zweitsprache, Jahrgangsstufe 5-9
https://www.lehrplanplus.bayern.de/fachlehrplan/mittelschule/5/daz/regelklasse#79073	LehrplanPLUS - Mittelschule - 5, 6, 7, 8, 9 - Deutsch als Zweitsprache - Fachlehrpläne	Fachlehrplan Deutsch als Zweitsprache Mittelschule, Deutsch als Zweitsprache, Jahrgangsstufe 5-9
https://www.lehrplanplus.bayern.de/fachlehrplan/mittelschule/5/daz/regelklasse#79074	LehrplanPLUS - Mittelschule - 5, 6, 7, 8, 9 - Deutsch als Zweitsprache - Fachlehrpläne	Fachlehrplan Deutsch als Zweitsprache Mittelschule, Deutsch als Zweitsprache, Jahrgangsstufe 5-9
https://www.lehrplanplus.bayern.de/fachlehrplan/mittelschule/5/daz/regelklasse#79075	LehrplanPLUS - Mittelschule - 5, 6, 7, 8, 9 - Deutsch als Zweitsprache - Fachlehrpläne	Fachlehrplan Deutsch als Zweitsprache Mittelschule, Deutsch als Zweitsprache, Jahrgangsstufe 5-9
https://www.lehrplanplus.bayern.de/fachlehrplan/mittelschule/5/daz/regelklasse#79076	LehrplanPLUS - Mittelschule - 5, 6, 7, 8, 9 - Deutsch als Zweitsprache - Fachlehrpläne	Fachlehrplan Deutsch als Zweitsprache Mittelschule, Deutsch als Zweitsprache, Jahrgangsstufe 5-9
https://www.lehrplanplus.bayern.de/fachlehrplan/mittelschule/5/daz/regelklasse#79077	LehrplanPLUS - Mittelschule - 5, 6, 7, 8, 9 - Deutsch als Zweitsprache - Fachlehrpläne	Fachlehrplan Deutsch als Zweitsprache Mittelschule, Deutsch als Zweitsprache, Jahrgangsstufe 5-9
https://www.lehrplanplus.bayern.de/fachlehrplan/mittelschule/5/daz/regelklasse#79078	LehrplanPLUS - Mittelschule - 5, 6, 7, 8, 9 - Deutsch als Zweitsprache - Fachlehrpläne	Fachlehrplan Deutsch als Zweitsprache Mittelschule, Deutsch als Zweitsprache, Jahrgangsstufe 5-9
https://www.lehrplanplus.bayern.de/fachlehrplan/mittelschule/5/daz/regelklasse#79079	LehrplanPLUS - Mittelschule - 5, 6, 7, 8, 9 - Deutsch als Zweitsprache - Fachlehrpläne	Fachlehrplan Deutsch als Zweitsprache Mittelschule, Deutsch als Zweitsprache, Jahrgangsstufe 5-9
https://www.lehrplanplus.bayern.de/fachlehrplan/mittelschule/5/deutsch/regelklasse	LehrplanPLUS - Mittelschule - 5 - Deutsch - Fachlehrpläne	Fachlehrplan Deutsch 5 Mittelschule, Deutsch, Jahrgangsstufe 5
https://www.lehrplanplus.bayern.de/fachlehrplan/mittelschule/5/englisch/regelklasse	LehrplanPLUS - Mittelschule - 5 - Englisch - Fachlehrpläne	Fachlehrplan Englisch 5 Mittelschule, Englisch, Jahrgangsstufe 5
https://www.lehrplanplus.bayern.de/fachlehrplan/mittelschule/5/ethik/regelklasse	LehrplanPLUS - Mittelschule - 5 - Ethik - Fachlehrpläne	Fachlehrplan Ethik 5 Mittelschule, Ethik, Jahrgangsstufe 5
https://www.lehrplanplus.bayern.de/fachlehrplan/mittelschule/5/evangelische-religionslehre/regelklasse	LehrplanPLUS - Mittelschule - 5 - Evangelische Religionslehre - Fachlehrpläne	Fachlehrplan Evangelische Religionslehre 5 Mittelschule, Evangelische Religionslehre, Jahrgangsstufe 5
https://www.lehrplanplus.bayern.de/fachlehrplan/mittelschule/5/gpg/regelklasse	LehrplanPLUS - Mittelschule - 5 - Geschichte/Politik/Geographie - Fachlehrpläne	Fachlehrplan Geschichte/Politik/Geographie 5 Mittelschule, Geschichte/Politik/Geographie , Jahrgangsstufe 5
https://www.lehrplanplus.bayern.de/fachlehrplan/mittelschule/5/informatik/regelklasse	LehrplanPLUS - Mittelschule - 5 - Informatik - Fachlehrpläne	Fachlehrplan Informatik 5 Mittelschule, Informatik, Jahrgangsstufe 5
https://www.lehrplanplus.bayern.de/fachlehrplan/mittelschule/5/iu	LehrplanPLUS - Mittelschule - 5 - Islamischer Unterricht - Fachlehrpläne	Fachlehrplan Islamischer Unterricht 5 Mittelschule, Islamischer Unterricht, Jahrgangsstufe 5
https://www.lehrplanplus.bayern.de/fachlehrplan/mittelschule/5/katholische-religionslehre/regelklasse	LehrplanPLUS - Mittelschule - 5 - Katholische Religionslehre - Fachlehrpläne	Fachlehrplan Katholische Religionslehre 5 Mittelschule, Katholische Religionslehre, Jahrgangsstufe 5
https://www.lehrplanplus.bayern.de/fachlehrplan/mittelschule/5/kunst/regelklasse	LehrplanPLUS - Mittelschule - 5 - Kunst - Fachlehrpläne	Fachlehrplan Kunst 5 Mittelschule, Kunst, Jahrgangsstufe 5
https://www.lehrplanplus.bayern.de/fachlehrplan/mittelschule/5/mathematik/regelklasse	LehrplanPLUS - Mittelschule - 5 - Mathematik - Fachlehrpläne	Fachlehrplan Mathematik 5 Mittelschule, Mathematik, Jahrgangsstufe 5
https://www.lehrplanplus.bayern.de/fachlehrplan/mittelschule/5/musik	LehrplanPLUS - Mittelschule - 5 - Musik - Fachlehrpläne	Fachlehrplan Musik 5 Mittelschule, Musik, Jahrgangsstufe 5
https://www.lehrplanplus.bayern.de/fachlehrplan/mittelschule/5/nt/regelklasse	LehrplanPLUS - Mittelschule - 5 - Natur und Technik - Fachlehrpläne	Fachlehrplan Natur und Technik 5 Mittelschule, Natur und Technik , Jahrgangsstufe 5
https://www.lehrplanplus.bayern.de/fachlehrplan/mittelschule/5/or	LehrplanPLUS - Mittelschule - 5 - Orthodoxe Religionslehre - Fachlehrpläne	Fachlehrplan Orthodoxe Religionslehre 5 Mittelschule, Orthodoxe Religionslehre, Jahrgangsstufe 5
https://www.lehrplanplus.bayern.de/fachlehrplan/mittelschule/5/sport/diff_sport	LehrplanPLUS - Mittelschule - 5, 6, 7, 8, 9, 10 - Sport - Fachlehrpläne	Fachlehrplan Differenzierter Sport Mittelschule, Sport, Jahrgangsstufe 5-10
https://www.lehrplanplus.bayern.de/fachlehrplan/mittelschule/5/sport/regelklasse	LehrplanPLUS - Mittelschule - 5 - Sport - Fachlehrpläne	Fachlehrplan Basissport 5 Mittelschule, Sport, Jahrgangsstufe 5
https://www.lehrplanplus.bayern.de/fachlehrplan/mittelschule/5/tast/regelklasse	LehrplanPLUS - Mittelschule - 5, 6 - Tastschreiben (Lehrgang) - Fachlehrpläne	Fachlehrplan Tastschreiben 5/6 (Lehrgang) Mittelschule, Tastschreiben (Lehrgang), Jahrgangsstufe 5/6
https://www.lehrplanplus.bayern.de/fachlehrplan/mittelschule/5/werken-und-gestalten/regelklasse	LehrplanPLUS - Mittelschule - 5 - Werken und Gestalten - Fachlehrpläne	Fachlehrplan Werken und Gestalten 5 Mittelschule, Werken und Gestalten, Jahrgangsstufe 5
https://www.lehrplanplus.bayern.de/fachlehrplan/mittelschule/5/wib/regelklasse	LehrplanPLUS - Mittelschule - 5 - Wirtschaft und Beruf - Fachlehrpläne	Fachlehrplan Wirtschaft und Beruf 5 Mittelschule, Wirtschaft und Beruf , Jahrgangsstufe 5
https://www.lehrplanplus.bayern.de/fachlehrplan/mittelschule/6/deutsch/regelklasse	LehrplanPLUS - Mittelschule - 6 - Deutsch - Fachlehrpläne	Fachlehrplan Deutsch 6 Mittelschule, Deutsch, Jahrgangsstufe 6
https://www.lehrplanplus.bayern.de/fachlehrplan/mittelschule/6/englisch/regelklasse	LehrplanPLUS - Mittelschule - 6 - Englisch - Fachlehrpläne	Fachlehrplan Englisch 6 Mittelschule, Englisch, Jahrgangsstufe 6
https://www.lehrplanplus.bayern.de/fachlehrplan/mittelschule/6/ethik/regelklasse	LehrplanPLUS - Mittelschule - 6 - Ethik - Fachlehrpläne	Fachlehrplan Ethik 6 Mittelschule, Ethik, Jahrgangsstufe 6
https://www.lehrplanplus.bayern.de/fachlehrplan/mittelschule/6/evangelische-religionslehre/regelklasse	LehrplanPLUS - Mittelschule - 6 - Evangelische Religionslehre - Fachlehrpläne	Fachlehrplan Evangelische Religionslehre 6 Mittelschule, Evangelische Religionslehre, Jahrgangsstufe 6
https://www.lehrplanplus.bayern.de/fachlehrplan/mittelschule/6/gpg/regelklasse	LehrplanPLUS - Mittelschule - 6 - Geschichte/Politik/Geographie - Fachlehrpläne	Fachlehrplan Geschichte/Politik/Geographie 6 Mittelschule, Geschichte/Politik/Geographie , Jahrgangsstufe 6
https://www.lehrplanplus.bayern.de/fachlehrplan/mittelschule/6/informatik/regelklasse	LehrplanPLUS - Mittelschule - 6 - Informatik - Fachlehrpläne	Fachlehrplan Informatik 6 Mittelschule, Informatik, Jahrgangsstufe 6
https://www.lehrplanplus.bayern.de/fachlehrplan/mittelschule/6/iu	LehrplanPLUS - Mittelschule - 6 - Islamischer Unterricht - Fachlehrpläne	Fachlehrplan Islamischer Unterricht 6 Mittelschule, Islamischer Unterricht, Jahrgangsstufe 6
https://www.lehrplanplus.bayern.de/fachlehrplan/mittelschule/6/katholische-religionslehre/regelklasse	LehrplanPLUS - Mittelschule - 6 - Katholische Religionslehre - Fachlehrpläne	Fachlehrplan Katholische Religionslehre 6 Mittelschule, Katholische Religionslehre, Jahrgangsstufe 6
https://www.lehrplanplus.bayern.de/fachlehrplan/mittelschule/6/kunst/regelklasse	LehrplanPLUS - Mittelschule - 6 - Kunst - Fachlehrpläne	Fachlehrplan Kunst 6 Mittelschule, Kunst, Jahrgangsstufe 6
https://www.lehrplanplus.bayern.de/fachlehrplan/mittelschule/6/mathematik/regelklasse	LehrplanPLUS - Mittelschule - 6 - Mathematik - Fachlehrpläne	Fachlehrplan Mathematik 6 Mittelschule, Mathematik, Jahrgangsstufe 6
https://www.lehrplanplus.bayern.de/fachlehrplan/mittelschule/6/musik/regelklasse	LehrplanPLUS - Mittelschule - 6 - Musik - Fachlehrpläne	Fachlehrplan Musik 6 Mittelschule, Musik, Jahrgangsstufe 6
https://www.lehrplanplus.bayern.de/fachlehrplan/mittelschule/6/nt/regelklasse	LehrplanPLUS - Mittelschule - 6 - Natur und Technik - Fachlehrpläne	Fachlehrplan Natur und Technik 6 Mittelschule, Natur und Technik , Jahrgangsstufe 6
https://www.lehrplanplus.bayern.de/fachlehrplan/mittelschule/6/or	LehrplanPLUS - Mittelschule - 6 - Orthodoxe Religionslehre - Fachlehrpläne	Fachlehrplan Orthodoxe Religionslehre 6 Mittelschule, Orthodoxe Religionslehre, Jahrgangsstufe 6
https://www.lehrplanplus.bayern.de/fachlehrplan/mittelschule/6/sport/regelklasse	LehrplanPLUS - Mittelschule - 6 - Sport - Fachlehrpläne	Fachlehrplan Basissport 6 Mittelschule, Sport, Jahrgangsstufe 6
https://www.lehrplanplus.bayern.de/fachlehrplan/mittelschule/6/werken-und-gestalten/regelklasse	LehrplanPLUS - Mittelschule - 6 - Werken und Gestalten - Fachlehrpläne	Fachlehrplan Werken und Gestalten 6 Mittelschule, Werken und Gestalten, Jahrgangsstufe 6
https://www.lehrplanplus.bayern.de/fachlehrplan/mittelschule/6/wib/regelklasse	LehrplanPLUS - Mittelschule - 6 - Wirtschaft und Beruf - Fachlehrpläne	Fachlehrplan Wirtschaft und Beruf 6 Mittelschule, Wirtschaft und Beruf , Jahrgangsstufe 6
https://www.lehrplanplus.bayern.de/fachlehrplan/mittelschule/7/deutsch/mittlere-reife-klasse	LehrplanPLUS - Mittelschule - 7 - Deutsch - Fachlehrpläne	Fachlehrplan Deutsch M7 Mittelschule, Deutsch, Jahrgangsstufe 7
https://www.lehrplanplus.bayern.de/fachlehrplan/mittelschule/7/deutsch/regelklasse	LehrplanPLUS - Mittelschule - 7 - Deutsch - Fachlehrpläne	Fachlehrplan Deutsch R7 Mittelschule, Deutsch, Jahrgangsstufe 7
https://www.lehrplanplus.bayern.de/fachlehrplan/mittelschule/7/englisch/mittlere-reife-klasse	LehrplanPLUS - Mittelschule - 7 - Englisch - Fachlehrpläne	Fachlehrplan Englisch M7 Mittelschule, Englisch, Jahrgangsstufe 7
https://www.lehrplanplus.bayern.de/fachlehrplan/mittelschule/7/englisch/regelklasse	LehrplanPLUS - Mittelschule - 7 - Englisch - Fachlehrpläne	Fachlehrplan Englisch R7 Mittelschule, Englisch, Jahrgangsstufe 7
https://www.lehrplanplus.bayern.de/fachlehrplan/mittelschule/7/es/mittlere-reife-klasse	LehrplanPLUS - Mittelschule - 7 - Ernährung und Soziales - Fachlehrpläne	Fachlehrplan Ernährung und Soziales M7 Mittelschule, Ernährung und Soziales , Jahrgangsstufe 7
https://www.lehrplanplus.bayern.de/fachlehrplan/mittelschule/7/es/regelklasse	LehrplanPLUS - Mittelschule - 7 - Ernährung und Soziales - Fachlehrpläne	Fachlehrplan Ernährung und Soziales R7 Mittelschule, Ernährung und Soziales , Jahrgangsstufe 7
https://www.lehrplanplus.bayern.de/fachlehrplan/mittelschule/7/ethik/mittlere-reife-klasse	LehrplanPLUS - Mittelschule - 7 - Ethik - Fachlehrpläne	Fachlehrplan Ethik M7 Mittelschule, Ethik, Jahrgangsstufe 7
https://www.lehrplanplus.bayern.de/fachlehrplan/mittelschule/7/ethik/regelklasse	LehrplanPLUS - Mittelschule - 7 - Ethik - Fachlehrpläne	Fachlehrplan Ethik R7 Mittelschule, Ethik, Jahrgangsstufe 7
https://www.lehrplanplus.bayern.de/fachlehrplan/mittelschule/7/evangelische-religionslehre/mittlere-reife-klasse	LehrplanPLUS - Mittelschule - 7 - Evangelische Religionslehre - Fachlehrpläne	Fachlehrplan Evangelische Religionslehre M7 Mittelschule, Evangelische Religionslehre, Jahrgangsstufe 7
https://www.lehrplanplus.bayern.de/fachlehrplan/mittelschule/7/evangelische-religionslehre/regelklasse	LehrplanPLUS - Mittelschule - 7 - Evangelische Religionslehre - Fachlehrpläne	Fachlehrplan Evangelische Religionslehre R7 Mittelschule, Evangelische Religionslehre, Jahrgangsstufe 7
https://www.lehrplanplus.bayern.de/fachlehrplan/mittelschule/7/gpg/mittlere-reife-klasse	LehrplanPLUS - Mittelschule - 7 - Geschichte/Politik/Geographie - Fachlehrpläne	Fachlehrplan Geschichte/Politik/Geographie M7 Mittelschule, Geschichte/Politik/Geographie , Jahrgangsstufe 7
https://www.lehrplanplus.bayern.de/fachlehrplan/mittelschule/7/gpg/regelklasse	LehrplanPLUS - Mittelschule - 7 - Geschichte/Politik/Geographie - Fachlehrpläne	Fachlehrplan Geschichte/Politik/Geographie R7 Mittelschule, Geschichte/Politik/Geographie , Jahrgangsstufe 7
https://www.lehrplanplus.bayern.de/fachlehrplan/mittelschule/7/informatik/mittlere-reife-klasse	LehrplanPLUS - Mittelschule - 7 - Informatik - Fachlehrpläne	Fachlehrplan Informatik M7 Mittelschule, Informatik, Jahrgangsstufe 7
https://www.lehrplanplus.bayern.de/fachlehrplan/mittelschule/7/informatik/regelklasse	LehrplanPLUS - Mittelschule - 7 - Informatik - Fachlehrpläne	Fachlehrplan Informatik R7 Mittelschule, Informatik, Jahrgangsstufe 7
https://www.lehrplanplus.bayern.de/fachlehrplan/mittelschule/7/informatik_digitales_gestalten	LehrplanPLUS - Mittelschule - 7, 8, 9, 10 - Informatik und digitales Gestalten - Fachlehrpläne	Fachlehrplan Informatik und digitales Gestalten 7-10 (Wahlfach, R und M) Mittelschule, Informatik und digitales Gestalten, Jahrgangsstufe 7-10
https://www.lehrplanplus.bayern.de/fachlehrplan/mittelschule/7/iu/mittlere-reife-klasse	LehrplanPLUS - Mittelschule - 7 - Islamischer Unterricht - Fachlehrpläne	Fachlehrplan Islamischer Unterricht M7 Mittelschule, Islamischer Unterricht, Jahrgangsstufe 7
https://www.lehrplanplus.bayern.de/fachlehrplan/mittelschule/7/iu/regelklasse	LehrplanPLUS - Mittelschule - 7 - Islamischer Unterricht - Fachlehrpläne	Fachlehrplan Islamischer Unterricht R7 Mittelschule, Islamischer Unterricht, Jahrgangsstufe 7
https://www.lehrplanplus.bayern.de/fachlehrplan/mittelschule/7/katholische-religionslehre/mittlere-reife-klasse	LehrplanPLUS - Mittelschule - 7 - Katholische Religionslehre - Fachlehrpläne	Fachlehrplan Katholische Religionslehre M7 Mittelschule, Katholische Religionslehre, Jahrgangsstufe 7
https://www.lehrplanplus.bayern.de/fachlehrplan/mittelschule/7/katholische-religionslehre/regelklasse	LehrplanPLUS - Mittelschule - 7 - Katholische Religionslehre - Fachlehrpläne	Fachlehrplan Katholische Religionslehre R7 Mittelschule, Katholische Religionslehre, Jahrgangsstufe 7
https://www.lehrplanplus.bayern.de/fachlehrplan/mittelschule/7/kunst	LehrplanPLUS - Mittelschule - 7 - Kunst - Fachlehrpläne	Fachlehrplan Kunst 7 (R und M) Mittelschule, Kunst, Jahrgangsstufe 7
https://www.lehrplanplus.bayern.de/fachlehrplan/mittelschule/7/mathematik/mittlere-reife-klasse	LehrplanPLUS - Mittelschule - 7 - Mathematik - Fachlehrpläne	Fachlehrplan Mathematik M7 Mittelschule, Mathematik, Jahrgangsstufe 7
https://www.lehrplanplus.bayern.de/fachlehrplan/mittelschule/7/mathematik/regelklasse	LehrplanPLUS - Mittelschule - 7 - Mathematik - Fachlehrpläne	Fachlehrplan Mathematik R7 Mittelschule, Mathematik, Jahrgangsstufe 7
https://www.lehrplanplus.bayern.de/fachlehrplan/mittelschule/7/musik	LehrplanPLUS - Mittelschule - 7 - Musik - Fachlehrpläne	Fachlehrplan Musik 7 (R und M) Mittelschule, Musik, Jahrgangsstufe 7
https://www.lehrplanplus.bayern.de/fachlehrplan/mittelschule/7/nt/mittlere-reife-klasse	LehrplanPLUS - Mittelschule - 7 - Natur und Technik - Fachlehrpläne	Fachlehrplan Natur und Technik M7 Mittelschule, Natur und Technik , Jahrgangsstufe 7
https://www.lehrplanplus.bayern.de/fachlehrplan/mittelschule/7/nt/regelklasse	LehrplanPLUS - Mittelschule - 7 - Natur und Technik - Fachlehrpläne	Fachlehrplan Natur und Technik R7 Mittelschule, Natur und Technik , Jahrgangsstufe 7
https://www.lehrplanplus.bayern.de/fachlehrplan/mittelschule/7/or/mittlere-reife-klasse	LehrplanPLUS - Mittelschule - 7 - Orthodoxe Religionslehre - Fachlehrpläne	Fachlehrplan Orthodoxe Religionslehre M7 Mittelschule, Orthodoxe Religionslehre, Jahrgangsstufe 7
https://www.lehrplanplus.bayern.de/fachlehrplan/mittelschule/7/or/regelklasse	LehrplanPLUS - Mittelschule - 7 - Orthodoxe Religionslehre - Fachlehrpläne	Fachlehrplan Orthodoxe Religionslehre R7 Mittelschule, Orthodoxe Religionslehre, Jahrgangsstufe 7
https://www.lehrplanplus.bayern.de/fachlehrplan/mittelschule/7/sport/basis_sport	LehrplanPLUS - Mittelschule - 7 - Sport - Fachlehrpläne	Fachlehrplan Basissport 7 (R und M) Mittelschule, Sport, Jahrgangsstufe 7
https://www.lehrplanplus.bayern.de/fachlehrplan/mittelschule/7/t/mittlere-reife-klasse	LehrplanPLUS - Mittelschule - 7 - Technik - Fachlehrpläne	Fachlehrplan Technik M7 Mittelschule, Technik, Jahrgangsstufe 7
https://www.lehrplanplus.bayern.de/fachlehrplan/mittelschule/7/t/regelklasse	LehrplanPLUS - Mittelschule - 7 - Technik - Fachlehrpläne	Fachlehrplan Technik R7 Mittelschule, Technik, Jahrgangsstufe 7
https://www.lehrplanplus.bayern.de/fachlehrplan/mittelschule/7/wib/mittlere-reife-klasse	LehrplanPLUS - Mittelschule - 7 - Wirtschaft und Beruf - Fachlehrpläne	Fachlehrplan Wirtschaft und Beruf M7 Mittelschule, Wirtschaft und Beruf , Jahrgangsstufe 7
https://www.lehrplanplus.bayern.de/fachlehrplan/mittelschule/7/wib/regelklasse	LehrplanPLUS - Mittelschule - 7 - Wirtschaft und Beruf - Fachlehrpläne	Fachlehrplan Wirtschaft und Beruf R7 Mittelschule, Wirtschaft und Beruf , Jahrgangsstufe 7
https://www.lehrplanplus.bayern.de/fachlehrplan/mittelschule/7/wik/mittlere-reife-klasse	LehrplanPLUS - Mittelschule - 7 - Wirtschaft und Kommunikation - Fachlehrpläne	Fachlehrplan Wirtschaft und Kommunikation M7 Mittelschule, Wirtschaft und Kommunikation , Jahrgangsstufe 7
https://www.lehrplanplus.bayern.de/fachlehrplan/mittelschule/7/wik/regelklasse	LehrplanPLUS - Mittelschule - 7 - Wirtschaft und Kommunikation - Fachlehrpläne	Fachlehrplan Wirtschaft und Kommunikation R7 Mittelschule, Wirtschaft und Kommunikation , Jahrgangsstufe 7
https://www.lehrplanplus.bayern.de/fachlehrplan/mittelschule/8/deutsch/mittlere-reife-klasse	LehrplanPLUS - Mittelschule - 8 - Deutsch - Fachlehrpläne	Fachlehrplan Deutsch M8 Mittelschule, Deutsch, Jahrgangsstufe 8
https://www.lehrplanplus.bayern.de/fachlehrplan/mittelschule/8/deutsch/regelklasse	LehrplanPLUS - Mittelschule - 8 - Deutsch - Fachlehrpläne	Fachlehrplan Deutsch R8 Mittelschule, Deutsch, Jahrgangsstufe 8
https://www.lehrplanplus.bayern.de/fachlehrplan/mittelschule/8/englisch/mittlere-reife-klasse	LehrplanPLUS - Mittelschule - 8 - Englisch - Fachlehrpläne	Fachlehrplan Englisch M8 Mittelschule, Englisch, Jahrgangsstufe 8
https://www.lehrplanplus.bayern.de/fachlehrplan/mittelschule/8/englisch/regelklasse	LehrplanPLUS - Mittelschule - 8 - Englisch - Fachlehrpläne	Fachlehrplan Englisch R8 Mittelschule, Englisch, Jahrgangsstufe 8
https://www.lehrplanplus.bayern.de/fachlehrplan/mittelschule/8/es/mittlere-reife-klasse	LehrplanPLUS - Mittelschule - 8 - Ernährung und Soziales - Fachlehrpläne	Fachlehrplan Ernährung und Soziales M8 Mittelschule, Ernährung und Soziales , Jahrgangsstufe 8
https://www.lehrplanplus.bayern.de/fachlehrplan/mittelschule/8/es/regelklasse	LehrplanPLUS - Mittelschule - 8 - Ernährung und Soziales - Fachlehrpläne	Fachlehrplan Ernährung und Soziales R8 Mittelschule, Ernährung und Soziales , Jahrgangsstufe 8
https://www.lehrplanplus.bayern.de/fachlehrplan/mittelschule/8/ethik/mittlere-reife-klasse	LehrplanPLUS - Mittelschule - 8 - Ethik - Fachlehrpläne	Fachlehrplan Ethik M8 Mittelschule, Ethik, Jahrgangsstufe 8
https://www.lehrplanplus.bayern.de/fachlehrplan/mittelschule/8/ethik/regelklasse	LehrplanPLUS - Mittelschule - 8 - Ethik - Fachlehrpläne	Fachlehrplan Ethik R8 Mittelschule, Ethik, Jahrgangsstufe 8
https://www.lehrplanplus.bayern.de/fachlehrplan/mittelschule/8/evangelische-religionslehre/mittlere-reife-klasse	LehrplanPLUS - Mittelschule - 8 - Evangelische Religionslehre - Fachlehrpläne	Fachlehrplan Evangelische Religionslehre M8 Mittelschule, Evangelische Religionslehre, Jahrgangsstufe 8
https://www.lehrplanplus.bayern.de/fachlehrplan/mittelschule/8/evangelische-religionslehre/regelklasse	LehrplanPLUS - Mittelschule - 8 - Evangelische Religionslehre - Fachlehrpläne	Fachlehrplan Evangelische Religionslehre R8 Mittelschule, Evangelische Religionslehre, Jahrgangsstufe 8
https://www.lehrplanplus.bayern.de/fachlehrplan/mittelschule/8/gpg/mittlere-reife-klasse	LehrplanPLUS - Mittelschule - 8 - Geschichte/Politik/Geographie - Fachlehrpläne	Fachlehrplan Geschichte/Politik/Geographie M8 Mittelschule, Geschichte/Politik/Geographie , Jahrgangsstufe 8
https://www.lehrplanplus.bayern.de/fachlehrplan/mittelschule/8/gpg/regelklasse	LehrplanPLUS - Mittelschule - 8 - Geschichte/Politik/Geographie - Fachlehrpläne	Fachlehrplan Geschichte/Politik/Geographie R8 Mittelschule, Geschichte/Politik/Geographie , Jahrgangsstufe 8
https://www.lehrplanplus.bayern.de/fachlehrplan/mittelschule/8/informatik/mittlere-reife-klasse	LehrplanPLUS - Mittelschule - 8 - Informatik - Fachlehrpläne	Fachlehrplan Informatik M8 Mittelschule, Informatik, Jahrgangsstufe 8
https://www.lehrplanplus.bayern.de/fachlehrplan/mittelschule/8/informatik/regelklasse	LehrplanPLUS - Mittelschule - 8 - Informatik - Fachlehrpläne	Fachlehrplan Informatik R8 Mittelschule, Informatik, Jahrgangsstufe 8
https://www.lehrplanplus.bayern.de/fachlehrplan/mittelschule/8/iu/mittlere-reife-klasse	LehrplanPLUS - Mittelschule - 8 - Islamischer Unterricht - Fachlehrpläne	Fachlehrplan Islamischer Unterricht M8 Mittelschule, Islamischer Unterricht, Jahrgangsstufe 8
https://www.lehrplanplus.bayern.de/fachlehrplan/mittelschule/8/iu/regelklasse	LehrplanPLUS - Mittelschule - 8 - Islamischer Unterricht - Fachlehrpläne	Fachlehrplan Islamischer Unterricht R8 Mittelschule, Islamischer Unterricht, Jahrgangsstufe 8
https://www.lehrplanplus.bayern.de/fachlehrplan/mittelschule/8/katholische-religionslehre/mittlere-reife-klasse	LehrplanPLUS - Mittelschule - 8 - Katholische Religionslehre - Fachlehrpläne	Fachlehrplan Katholische Religionslehre M8 Mittelschule, Katholische Religionslehre, Jahrgangsstufe 8
https://www.lehrplanplus.bayern.de/fachlehrplan/mittelschule/8/katholische-religionslehre/regelklasse	LehrplanPLUS - Mittelschule - 8 - Katholische Religionslehre - Fachlehrpläne	Fachlehrplan Katholische Religionslehre R8 Mittelschule, Katholische Religionslehre, Jahrgangsstufe 8
https://www.lehrplanplus.bayern.de/fachlehrplan/mittelschule/8/kunst	LehrplanPLUS - Mittelschule - 8 - Kunst - Fachlehrpläne	Fachlehrplan Kunst 8 (R und M) Mittelschule, Kunst, Jahrgangsstufe 8
https://www.lehrplanplus.bayern.de/fachlehrplan/mittelschule/8/mathematik/mittlere-reife-klasse	LehrplanPLUS - Mittelschule - 8 - Mathematik - Fachlehrpläne	Fachlehrplan Mathematik M8 Mittelschule, Mathematik, Jahrgangsstufe 8
https://www.lehrplanplus.bayern.de/fachlehrplan/mittelschule/8/mathematik/regelklasse	LehrplanPLUS - Mittelschule - 8 - Mathematik - Fachlehrpläne	Fachlehrplan Mathematik R8 Mittelschule, Mathematik, Jahrgangsstufe 8
https://www.lehrplanplus.bayern.de/fachlehrplan/mittelschule/8/musik	LehrplanPLUS - Mittelschule - 8 - Musik - Fachlehrpläne	Fachlehrplan Musik 8 (R und M) Mittelschule, Musik, Jahrgangsstufe 8
https://www.lehrplanplus.bayern.de/fachlehrplan/mittelschule/8/nt/mittlere-reife-klasse	LehrplanPLUS - Mittelschule - 8 - Natur und Technik - Fachlehrpläne	Fachlehrplan Natur und Technik M8 Mittelschule, Natur und Technik , Jahrgangsstufe 8
https://www.lehrplanplus.bayern.de/fachlehrplan/mittelschule/8/nt/regelklasse	LehrplanPLUS - Mittelschule - 8 - Natur und Technik - Fachlehrpläne	Fachlehrplan Natur und Technik R8 Mittelschule, Natur und Technik , Jahrgangsstufe 8
https://www.lehrplanplus.bayern.de/fachlehrplan/mittelschule/8/or/mittlere-reife-klasse	LehrplanPLUS - Mittelschule - 8 - Orthodoxe Religionslehre - Fachlehrpläne	Fachlehrplan Orthodoxe Religionslehre M8 Mittelschule, Orthodoxe Religionslehre, Jahrgangsstufe 8
https://www.lehrplanplus.bayern.de/fachlehrplan/mittelschule/8/or/regelklasse	LehrplanPLUS - Mittelschule - 8 - Orthodoxe Religionslehre - Fachlehrpläne	Fachlehrplan Orthodoxe Religionslehre R8 Mittelschule, Orthodoxe Religionslehre, Jahrgangsstufe 8
https://www.lehrplanplus.bayern.de/fachlehrplan/mittelschule/8/sport/basis_sport	LehrplanPLUS - Mittelschule - 8 - Sport - Fachlehrpläne	Fachlehrplan Basissport 8 (R und M) Mittelschule, Sport, Jahrgangsstufe 8
https://www.lehrplanplus.bayern.de/fachlehrplan/mittelschule/8/t/mittlere-reife-klasse	LehrplanPLUS - Mittelschule - 8 - Technik - Fachlehrpläne	Fachlehrplan Technik M8 Mittelschule, Technik, Jahrgangsstufe 8
https://www.lehrplanplus.bayern.de/fachlehrplan/mittelschule/8/t/regelklasse	LehrplanPLUS - Mittelschule - 8 - Technik - Fachlehrpläne	Fachlehrplan Technik R8 Mittelschule, Technik, Jahrgangsstufe 8
https://www.lehrplanplus.bayern.de/fachlehrplan/mittelschule/8/wib/mittlere-reife-klasse	LehrplanPLUS - Mittelschule - 8 - Wirtschaft und Beruf - Fachlehrpläne	Fachlehrplan Wirtschaft und Beruf M8 Mittelschule, Wirtschaft und Beruf , Jahrgangsstufe 8
https://www.lehrplanplus.bayern.de/fachlehrplan/mittelschule/8/wib/regelklasse	LehrplanPLUS - Mittelschule - 8 - Wirtschaft und Beruf - Fachlehrpläne	Fachlehrplan Wirtschaft und Beruf R8 Mittelschule, Wirtschaft und Beruf , Jahrgangsstufe 8
https://www.lehrplanplus.bayern.de/fachlehrplan/mittelschule/8/wik/mittlere-reife-klasse	LehrplanPLUS - Mittelschule - 8 - Wirtschaft und Kommunikation - Fachlehrpläne	Fachlehrplan Wirtschaft und Kommunikation M8 Mittelschule, Wirtschaft und Kommunikation , Jahrgangsstufe 8
https://www.lehrplanplus.bayern.de/fachlehrplan/mittelschule/8/wik/regelklasse	LehrplanPLUS - Mittelschule - 8 - Wirtschaft und Kommunikation - Fachlehrpläne	Fachlehrplan Wirtschaft und Kommunikation R8 Mittelschule, Wirtschaft und Kommunikation , Jahrgangsstufe 8
https://www.lehrplanplus.bayern.de/fachlehrplan/mittelschule/9/buchf%C3%BChrung	LehrplanPLUS - Mittelschule - 9 - Buchführung - Fachlehrpläne	Fachlehrplan Buchführung 9 (R und M) Mittelschule, Buchführung, Jahrgangsstufe 9
https://www.lehrplanplus.bayern.de/fachlehrplan/mittelschule/9/deutsch/mittlere-reife-klasse	LehrplanPLUS - Mittelschule - 9 - Deutsch - Fachlehrpläne	Fachlehrplan Deutsch M9 Mittelschule, Deutsch, Jahrgangsstufe 9
https://www.lehrplanplus.bayern.de/fachlehrplan/mittelschule/9/deutsch/regelklasse	LehrplanPLUS - Mittelschule - 9 - Deutsch - Fachlehrpläne	Fachlehrplan Deutsch R9 Mittelschule, Deutsch, Jahrgangsstufe 9
https://www.lehrplanplus.bayern.de/fachlehrplan/mittelschule/9/englisch/mittlere-reife-klasse	LehrplanPLUS - Mittelschule - 9 - Englisch - Fachlehrpläne	Fachlehrplan Englisch M9 Mittelschule, Englisch, Jahrgangsstufe 9
https://www.lehrplanplus.bayern.de/fachlehrplan/mittelschule/9/englisch/regelklasse	LehrplanPLUS - Mittelschule - 9 - Englisch - Fachlehrpläne	Fachlehrplan Englisch R9 Mittelschule, Englisch, Jahrgangsstufe 9
https://www.lehrplanplus.bayern.de/fachlehrplan/mittelschule/9/es/mittlere-reife-klasse	LehrplanPLUS - Mittelschule - 9 - Ernährung und Soziales - Fachlehrpläne	Fachlehrplan Ernährung und Soziales M9 Mittelschule, Ernährung und Soziales , Jahrgangsstufe 9
https://www.lehrplanplus.bayern.de/fachlehrplan/mittelschule/9/es/regelklasse	LehrplanPLUS - Mittelschule - 9 - Ernährung und Soziales - Fachlehrpläne	Fachlehrplan Ernährung und Soziales R9 Mittelschule, Ernährung und Soziales , Jahrgangsstufe 9
https://www.lehrplanplus.bayern.de/fachlehrplan/mittelschule/9/ethik/mittlere-reife-klasse	LehrplanPLUS - Mittelschule - 9 - Ethik - Fachlehrpläne	Fachlehrplan Ethik M9 Mittelschule, Ethik, Jahrgangsstufe 9
https://www.lehrplanplus.bayern.de/fachlehrplan/mittelschule/9/ethik/regelklasse	LehrplanPLUS - Mittelschule - 9 - Ethik - Fachlehrpläne	Fachlehrplan Ethik R9 Mittelschule, Ethik, Jahrgangsstufe 9
https://www.lehrplanplus.bayern.de/fachlehrplan/mittelschule/9/evangelische-religionslehre/mittlere-reife-klasse	LehrplanPLUS - Mittelschule - 9 - Evangelische Religionslehre - Fachlehrpläne	Fachlehrplan Evangelische Religionslehre M9 Mittelschule, Evangelische Religionslehre, Jahrgangsstufe 9
https://www.lehrplanplus.bayern.de/fachlehrplan/mittelschule/9/evangelische-religionslehre/regelklasse	LehrplanPLUS - Mittelschule - 9 - Evangelische Religionslehre - Fachlehrpläne	Fachlehrplan Evangelische Religionslehre R9 Mittelschule, Evangelische Religionslehre, Jahrgangsstufe 9
https://www.lehrplanplus.bayern.de/fachlehrplan/mittelschule/9/gpg/mittlere-reife-klasse	LehrplanPLUS - Mittelschule - 9 - Geschichte/Politik/Geographie - Fachlehrpläne	Fachlehrplan Geschichte/Politik/Geographie M9 Mittelschule, Geschichte/Politik/Geographie , Jahrgangsstufe 9
https://www.lehrplanplus.bayern.de/fachlehrplan/mittelschule/9/gpg/regelklasse	LehrplanPLUS - Mittelschule - 9 - Geschichte/Politik/Geographie - Fachlehrpläne	Fachlehrplan Geschichte/Politik/Geographie R9 Mittelschule, Geschichte/Politik/Geographie , Jahrgangsstufe 9
https://www.lehrplanplus.bayern.de/fachlehrplan/mittelschule/9/informatik/mittlere-reife-klasse	LehrplanPLUS - Mittelschule - 9 - Informatik - Fachlehrpläne	Fachlehrplan Informatik M9 Mittelschule, Informatik, Jahrgangsstufe 9
https://www.lehrplanplus.bayern.de/fachlehrplan/mittelschule/9/informatik/regelklasse	LehrplanPLUS - Mittelschule - 9 - Informatik - Fachlehrpläne	Fachlehrplan Informatik R9 Mittelschule, Informatik, Jahrgangsstufe 9
https://www.lehrplanplus.bayern.de/fachlehrplan/mittelschule/9/iu/mittlere-reife-klasse	LehrplanPLUS - Mittelschule - 9 - Islamischer Unterricht - Fachlehrpläne	Fachlehrplan Islamischer Unterricht M9 Mittelschule, Islamischer Unterricht, Jahrgangsstufe 9
https://www.lehrplanplus.bayern.de/fachlehrplan/mittelschule/9/iu/regelklasse	LehrplanPLUS - Mittelschule - 9 - Islamischer Unterricht - Fachlehrpläne	Fachlehrplan Islamischer Unterricht R9 Mittelschule, Islamischer Unterricht, Jahrgangsstufe 9
https://www.lehrplanplus.bayern.de/fachlehrplan/mittelschule/9/katholische-religionslehre/mittlere-reife-klasse	LehrplanPLUS - Mittelschule - 9 - Katholische Religionslehre - Fachlehrpläne	Fachlehrplan Katholische Religionslehre M9 Mittelschule, Katholische Religionslehre, Jahrgangsstufe 9
https://www.lehrplanplus.bayern.de/fachlehrplan/mittelschule/9/katholische-religionslehre/regelklasse	LehrplanPLUS - Mittelschule - 9 - Katholische Religionslehre - Fachlehrpläne	Fachlehrplan Katholische Religionslehre R9 Mittelschule, Katholische Religionslehre, Jahrgangsstufe 9
https://www.lehrplanplus.bayern.de/fachlehrplan/mittelschule/9/kunst	LehrplanPLUS - Mittelschule - 9 - Kunst - Fachlehrpläne	Fachlehrplan Kunst 9 (R und M) Mittelschule, Kunst, Jahrgangsstufe 9
https://www.lehrplanplus.bayern.de/fachlehrplan/mittelschule/9/mathematik/mittlere-reife-klasse	LehrplanPLUS - Mittelschule - 9 - Mathematik - Fachlehrpläne	Fachlehrplan Mathematik M9 Mittelschule, Mathematik, Jahrgangsstufe 9
https://www.lehrplanplus.bayern.de/fachlehrplan/mittelschule/9/mathematik/regelklasse	LehrplanPLUS - Mittelschule - 9 - Mathematik - Fachlehrpläne	Fachlehrplan Mathematik R9 Mittelschule, Mathematik, Jahrgangsstufe 9
https://www.lehrplanplus.bayern.de/fachlehrplan/mittelschule/9/musik	LehrplanPLUS - Mittelschule - 9 - Musik - Fachlehrpläne	Fachlehrplan Musik 9 (R und M) Mittelschule, Musik, Jahrgangsstufe 9
https://www.lehrplanplus.bayern.de/fachlehrplan/mittelschule/9/nt/mittlere-reife-klasse	LehrplanPLUS - Mittelschule - 9 - Natur und Technik - Fachlehrpläne	Fachlehrplan Natur und Technik M9 Mittelschule, Natur und Technik , Jahrgangsstufe 9
https://www.lehrplanplus.bayern.de/fachlehrplan/mittelschule/9/nt/regelklasse	LehrplanPLUS - Mittelschule - 9 - Natur und Technik - Fachlehrpläne	Fachlehrplan Natur und Technik R9 Mittelschule, Natur und Technik , Jahrgangsstufe 9
https://www.lehrplanplus.bayern.de/fachlehrplan/mittelschule/9/or/mittlere-reife-klasse	LehrplanPLUS - Mittelschule - 9 - Orthodoxe Religionslehre - Fachlehrpläne	Fachlehrplan Orthodoxe Religionslehre M9 Mittelschule, Orthodoxe Religionslehre, Jahrgangsstufe 9
https://www.lehrplanplus.bayern.de/fachlehrplan/mittelschule/9/or/regelklasse	LehrplanPLUS - Mittelschule - 9 - Orthodoxe Religionslehre - Fachlehrpläne	Fachlehrplan Orthodoxe Religionslehre R9 Mittelschule, Orthodoxe Religionslehre, Jahrgangsstufe 9
https://www.lehrplanplus.bayern.de/fachlehrplan/mittelschule/9/sport/basis_sport	LehrplanPLUS - Mittelschule - 9 - Sport - Fachlehrpläne	Fachlehrplan Basissport 9 (R und M) Mittelschule, Sport, Jahrgangsstufe 9
https://www.lehrplanplus.bayern.de/fachlehrplan/mittelschule/9/t/mittlere-reife-klasse	LehrplanPLUS - Mittelschule - 9 - Technik - Fachlehrpläne	Fachlehrplan Technik M9 Mittelschule, Technik, Jahrgangsstufe 9
https://www.lehrplanplus.bayern.de/fachlehrplan/mittelschule/9/t/regelklasse	LehrplanPLUS - Mittelschule - 9 - Technik - Fachlehrpläne	Fachlehrplan Technik R9 Mittelschule, Technik, Jahrgangsstufe 9
https://www.lehrplanplus.bayern.de/fachlehrplan/mittelschule/9/wib/mittlere-reife-klasse	LehrplanPLUS - Mittelschule - 9 - Wirtschaft und Beruf - Fachlehrpläne	Fachlehrplan Wirtschaft und Beruf M9 Mittelschule, Wirtschaft und Beruf , Jahrgangsstufe 9
https://www.lehrplanplus.bayern.de/fachlehrplan/mittelschule/9/wib/regelklasse	LehrplanPLUS - Mittelschule - 9 - Wirtschaft und Beruf - Fachlehrpläne	Fachlehrplan Wirtschaft und Beruf R9 Mittelschule, Wirtschaft und Beruf , Jahrgangsstufe 9
https://www.lehrplanplus.bayern.de/fachlehrplan/mittelschule/9/wik/mittlere-reife-klasse	LehrplanPLUS - Mittelschule - 9 - Wirtschaft und Kommunikation - Fachlehrpläne	Fachlehrplan Wirtschaft und Kommunikation M9 Mittelschule, Wirtschaft und Kommunikation , Jahrgangsstufe 9
https://www.lehrplanplus.bayern.de/fachlehrplan/mittelschule/9/wik/regelklasse	LehrplanPLUS - Mittelschule - 9 - Wirtschaft und Kommunikation - Fachlehrpläne	Fachlehrplan Wirtschaft und Kommunikation R9 Mittelschule, Wirtschaft und Kommunikation , Jahrgangsstufe 9
https://www.lehrplanplus.bayern.de/fachlehrplan/realschule/10/biologie	LehrplanPLUS - Realschule - 10 - Biologie - Fachlehrpläne	Fachlehrplan Biologie 10 Realschule, Biologie, Jahrgangsstufe 10
https://www.lehrplanplus.bayern.de/fachlehrplan/realschule/10/bwl-rechnungswesen/wpfg2	LehrplanPLUS - Realschule - 10 - Betriebswirtschaftslehre / Rechnungswesen - Fachlehrpläne	Fachlehrplan Betriebswirtschaftslehre/Rechnungswesen 10 (II) Realschule, Betriebswirtschaftslehre / Rechnungswesen, Jahrgangsstufe 10
https://www.lehrplanplus.bayern.de/fachlehrplan/realschule/10/chemie/wpfg1	LehrplanPLUS - Realschule - 10 - Chemie - Fachlehrpläne	Fachlehrplan Chemie 10 (I) Realschule, Chemie, Jahrgangsstufe 10
https://www.lehrplanplus.bayern.de/fachlehrplan/realschule/10/chemie/wpfg2-3	LehrplanPLUS - Realschule - 10 - Chemie - Fachlehrpläne	Fachlehrplan Chemie 10 (II/III) Realschule, Chemie, Jahrgangsstufe 10
https://www.lehrplanplus.bayern.de/fachlehrplan/realschule/10/deutsch	LehrplanPLUS - Realschule - 10 - Deutsch - Fachlehrpläne	Fachlehrplan Deutsch 10 Realschule, Deutsch, Jahrgangsstufe 10
https://www.lehrplanplus.bayern.de/fachlehrplan/realschule/10/englisch	LehrplanPLUS - Realschule - 10 - Englisch - Fachlehrpläne	Fachlehrplan Englisch 10 Realschule, Englisch, Jahrgangsstufe 10
https://www.lehrplanplus.bayern.de/fachlehrplan/realschule/10/ernaehrung_und_gesundheit/wpfg3b	LehrplanPLUS - Realschule - 10 - Ernährung und Gesundheit - Fachlehrpläne	Fachlehrplan Ernährung und Gesundheit 10 (IIIb) Realschule, Ernährung und Gesundheit, Jahrgangsstufe 10
https://www.lehrplanplus.bayern.de/fachlehrplan/realschule/10/ethik	LehrplanPLUS - Realschule - 10 - Ethik - Fachlehrpläne	Fachlehrplan Ethik 10 Realschule, Ethik, Jahrgangsstufe 10
https://www.lehrplanplus.bayern.de/fachlehrplan/realschule/10/evangelische-religionslehre	LehrplanPLUS - Realschule - 10 - Evangelische Religionslehre - Fachlehrpläne	Fachlehrplan Evangelische Religionslehre 10 Realschule, Evangelische Religionslehre, Jahrgangsstufe 10
https://www.lehrplanplus.bayern.de/fachlehrplan/realschule/10/franzoesisch	LehrplanPLUS - Realschule - 10 - Französisch - Fachlehrpläne	Fachlehrplan Französisch 10 Realschule, Französisch, Jahrgangsstufe 10
https://www.lehrplanplus.bayern.de/fachlehrplan/realschule/10/geschichte	LehrplanPLUS - Realschule - 10 - Geschichte - Fachlehrpläne	Fachlehrplan Geschichte 10 Realschule, Geschichte, Jahrgangsstufe 10
https://www.lehrplanplus.bayern.de/fachlehrplan/realschule/10/ir	LehrplanPLUS - Realschule - 10 - Israelitische Religionslehre - Fachlehrpläne	Fachlehrplan Israelitische Religionslehre 10 Realschule, Israelitische Religionslehre, Jahrgangsstufe 10
https://www.lehrplanplus.bayern.de/fachlehrplan/realschule/10/iu	LehrplanPLUS - Realschule - 10 - Islamischer Unterricht - Fachlehrpläne	Fachlehrplan Islamischer Unterricht 10 Realschule, Islamischer Unterricht, Jahrgangsstufe 10
https://www.lehrplanplus.bayern.de/fachlehrplan/realschule/10/katholische-religionslehre	LehrplanPLUS - Realschule - 10 - Katholische Religionslehre - Fachlehrpläne	Fachlehrplan Katholische Religionslehre 10 Realschule, Katholische Religionslehre, Jahrgangsstufe 10
https://www.lehrplanplus.bayern.de/fachlehrplan/realschule/10/kunst	LehrplanPLUS - Realschule - 10 - Kunst - Fachlehrpläne	Fachlehrplan Kunst 10 Realschule, Kunst, Jahrgangsstufe 10
https://www.lehrplanplus.bayern.de/fachlehrplan/realschule/10/mathematik/wpfg1	LehrplanPLUS - Realschule - 10 - Mathematik - Fachlehrpläne	Fachlehrplan Mathematik 10 (I) Realschule, Mathematik, Jahrgangsstufe 10
https://www.lehrplanplus.bayern.de/fachlehrplan/realschule/10/mathematik/wpfg2-3	LehrplanPLUS - Realschule - 10 - Mathematik - Fachlehrpläne	Fachlehrplan Mathematik 10 (II/III) Realschule, Mathematik, Jahrgangsstufe 10
https://www.lehrplanplus.bayern.de/fachlehrplan/realschule/10/musik	LehrplanPLUS - Realschule - 10 - Musik - Fachlehrpläne	Fachlehrplan Musik 10 Realschule, Musik, Jahrgangsstufe 10
https://www.lehrplanplus.bayern.de/fachlehrplan/realschule/10/or	LehrplanPLUS - Realschule - 10 - Orthodoxe Religionslehre - Fachlehrpläne	Fachlehrplan Orthodoxe Religionslehre 10 Realschule, Orthodoxe Religionslehre, Jahrgangsstufe 10
https://www.lehrplanplus.bayern.de/fachlehrplan/realschule/10/physik/wpfg1	LehrplanPLUS - Realschule - 10 - Physik - Fachlehrpläne	Fachlehrplan Physik 10 (I) Realschule, Physik, Jahrgangsstufe 10
https://www.lehrplanplus.bayern.de/fachlehrplan/realschule/10/physik/wpfg2-3	LehrplanPLUS - Realschule - 10 - Physik - Fachlehrpläne	Fachlehrplan Physik 10 (II/III) Realschule, Physik, Jahrgangsstufe 10
https://www.lehrplanplus.bayern.de/fachlehrplan/realschule/10/pug	LehrplanPLUS - Realschule - 10 - Politik und Gesellschaft - Fachlehrpläne	Fachlehrplan Politik und Gesellschaft 10 Realschule, Politik und Gesellschaft, Jahrgangsstufe 10
https://www.lehrplanplus.bayern.de/fachlehrplan/realschule/10/soziallehre	LehrplanPLUS - Realschule - 10 - Soziallehre - Fachlehrpläne	Fachlehrplan Soziallehre Realschule, Soziallehre, Jahrgangsstufe 10
https://www.lehrplanplus.bayern.de/fachlehrplan/realschule/10/sozialwesen	LehrplanPLUS - Realschule - 10 - Sozialwesen - Fachlehrpläne	Fachlehrplan Sozialwesen 10 Realschule, Sozialwesen , Jahrgangsstufe 10
https://www.lehrplanplus.bayern.de/fachlehrplan/realschule/10/spanisch	LehrplanPLUS - Realschule - 10 - Spanisch - Fachlehrpläne	Fachlehrplan Spanisch 10 Realschule, Spanisch, Jahrgangsstufe 10
https://www.lehrplanplus.bayern.de/fachlehrplan/realschule/10/sport/basis_sport	LehrplanPLUS - Realschule - 10 - Sport - Fachlehrpläne	Fachlehrplan Basissport 10 Realschule, Sport, Jahrgangsstufe 10
https://www.lehrplanplus.bayern.de/fachlehrplan/realschule/10/werken	LehrplanPLUS - Realschule - 10 - Werken - Fachlehrpläne	Fachlehrplan Werken 10 Realschule, Werken, Jahrgangsstufe 10
https://www.lehrplanplus.bayern.de/fachlehrplan/realschule/5/biologie	LehrplanPLUS - Realschule - 5 - Biologie - Fachlehrpläne	Fachlehrplan Biologie 5 Realschule, Biologie, Jahrgangsstufe 5
https://www.lehrplanplus.bayern.de/fachlehrplan/realschule/5/deutsch	LehrplanPLUS - Realschule - 5 - Deutsch - Fachlehrpläne	Fachlehrplan Deutsch 5 Realschule, Deutsch, Jahrgangsstufe 5
https://www.lehrplanplus.bayern.de/fachlehrplan/realschule/5/englisch	LehrplanPLUS - Realschule - 5 - Englisch - Fachlehrpläne	Fachlehrplan Englisch 5 Realschule, Englisch, Jahrgangsstufe 5
https://www.lehrplanplus.bayern.de/fachlehrplan/realschule/5/ethik	LehrplanPLUS - Realschule - 5 - Ethik - Fachlehrpläne	Fachlehrplan Ethik 5 Realschule, Ethik, Jahrgangsstufe 5
https://www.lehrplanplus.bayern.de/fachlehrplan/realschule/5/evangelische-religionslehre	LehrplanPLUS - Realschule - 5 - Evangelische Religionslehre - Fachlehrpläne	Fachlehrplan Evangelische Religionslehre 5 Realschule, Evangelische Religionslehre, Jahrgangsstufe 5
https://www.lehrplanplus.bayern.de/fachlehrplan/realschule/5/geographie	LehrplanPLUS - Realschule - 5 - Geographie - Fachlehrpläne	Fachlehrplan Geographie 5 Realschule, Geographie, Jahrgangsstufe 5
https://www.lehrplanplus.bayern.de/fachlehrplan/realschule/5/ir	LehrplanPLUS - Realschule - 5 - Israelitische Religionslehre - Fachlehrpläne	Fachlehrplan Israelitische Religionslehre 5 Realschule, Israelitische Religionslehre, Jahrgangsstufe 5
https://www.lehrplanplus.bayern.de/fachlehrplan/realschule/5/it/IT	LehrplanPLUS - Realschule - 5, 6, 7, 8, 9, 10 - Informationstechnologie - Fachlehrpläne	Fachlehrplan Informationstechnologie Realschule, Informationstechnologie, Jahrgangsstufe 5-10
https://www.lehrplanplus.bayern.de/fachlehrplan/realschule/5/iu	LehrplanPLUS - Realschule - 5 - Islamischer Unterricht - Fachlehrpläne	Fachlehrplan Islamischer Unterricht 5 Realschule, Islamischer Unterricht, Jahrgangsstufe 5
https://www.lehrplanplus.bayern.de/fachlehrplan/realschule/5/katholische-religionslehre	LehrplanPLUS - Realschule - 5 - Katholische Religionslehre - Fachlehrpläne	Fachlehrplan Katholische Religionslehre 5 Realschule, Katholische Religionslehre, Jahrgangsstufe 5
https://www.lehrplanplus.bayern.de/fachlehrplan/realschule/5/kunst/wpfg1-3a	LehrplanPLUS - Realschule - 5 - Kunst - Fachlehrpläne	Fachlehrplan Kunst 5 Realschule, Kunst, Jahrgangsstufe 5
https://www.lehrplanplus.bayern.de/fachlehrplan/realschule/5/mathematik/mathe	LehrplanPLUS - Realschule - 5 - Mathematik - Fachlehrpläne	Fachlehrplan Mathematik 5 Realschule, Mathematik, Jahrgangsstufe 5
https://www.lehrplanplus.bayern.de/fachlehrplan/realschule/5/musik	LehrplanPLUS - Realschule - 5 - Musik - Fachlehrpläne	Fachlehrplan Musik 5 Realschule, Musik, Jahrgangsstufe 5
https://www.lehrplanplus.bayern.de/fachlehrplan/realschule/5/or	LehrplanPLUS - Realschule - 5 - Orthodoxe Religionslehre - Fachlehrpläne	Fachlehrplan Orthodoxe Religionslehre 5 Realschule, Orthodoxe Religionslehre, Jahrgangsstufe 5
https://www.lehrplanplus.bayern.de/fachlehrplan/realschule/5/sport/basis_sport	LehrplanPLUS - Realschule - 5 - Sport - Fachlehrpläne	Fachlehrplan Basissport 5 Realschule, Sport, Jahrgangsstufe 5
https://www.lehrplanplus.bayern.de/fachlehrplan/realschule/5/textiles-gestalten	LehrplanPLUS - Realschule - 5 - Textiles Gestalten - Fachlehrpläne	Fachlehrplan Textiles Gestalten 5 Realschule, Textiles Gestalten, Jahrgangsstufe 5
https://www.lehrplanplus.bayern.de/fachlehrplan/realschule/5/werken	LehrplanPLUS - Realschule - 5 - Werken - Fachlehrpläne	Fachlehrplan Werken 5 Realschule, Werken, Jahrgangsstufe 5
https://www.lehrplanplus.bayern.de/fachlehrplan/realschule/6/biologie	LehrplanPLUS - Realschule - 6 - Biologie - Fachlehrpläne	Fachlehrplan Biologie 6 Realschule, Biologie, Jahrgangsstufe 6
https://www.lehrplanplus.bayern.de/fachlehrplan/realschule/6/deutsch	LehrplanPLUS - Realschule - 6 - Deutsch - Fachlehrpläne	Fachlehrplan Deutsch 6 Realschule, Deutsch, Jahrgangsstufe 6
https://www.lehrplanplus.bayern.de/fachlehrplan/realschule/6/englisch	LehrplanPLUS - Realschule - 6 - Englisch - Fachlehrpläne	Fachlehrplan Englisch 6 Realschule, Englisch, Jahrgangsstufe 6
https://www.lehrplanplus.bayern.de/fachlehrplan/realschule/6/ethik	LehrplanPLUS - Realschule - 6 - Ethik - Fachlehrpläne	Fachlehrplan Ethik 6 Realschule, Ethik, Jahrgangsstufe 6
https://www.lehrplanplus.bayern.de/fachlehrplan/realschule/6/evangelische-religionslehre	LehrplanPLUS - Realschule - 6 - Evangelische Religionslehre - Fachlehrpläne	Fachlehrplan Evangelische Religionslehre 6 Realschule, Evangelische Religionslehre, Jahrgangsstufe 6
https://www.lehrplanplus.bayern.de/fachlehrplan/realschule/6/geographie	LehrplanPLUS - Realschule - 6 - Geographie - Fachlehrpläne	Fachlehrplan Geographie 6 Realschule, Geographie, Jahrgangsstufe 6
https://www.lehrplanplus.bayern.de/fachlehrplan/realschule/6/geschichte	LehrplanPLUS - Realschule - 6 - Geschichte - Fachlehrpläne	Fachlehrplan Geschichte 6 Realschule, Geschichte, Jahrgangsstufe 6
https://www.lehrplanplus.bayern.de/fachlehrplan/realschule/6/ir	LehrplanPLUS - Realschule - 6 - Israelitische Religionslehre - Fachlehrpläne	Fachlehrplan Israelitische Religionslehre 6 Realschule, Israelitische Religionslehre, Jahrgangsstufe 6
https://www.lehrplanplus.bayern.de/fachlehrplan/realschule/6/iu	LehrplanPLUS - Realschule - 6 - Islamischer Unterricht - Fachlehrpläne	Fachlehrplan Islamischer Unterricht 6 Realschule, Islamischer Unterricht, Jahrgangsstufe 6
https://www.lehrplanplus.bayern.de/fachlehrplan/realschule/6/katholische-religionslehre	LehrplanPLUS - Realschule - 6 - Katholische Religionslehre - Fachlehrpläne	Fachlehrplan Katholische Religionslehre 6 Realschule, Katholische Religionslehre, Jahrgangsstufe 6
https://www.lehrplanplus.bayern.de/fachlehrplan/realschule/6/kunst/wpfg1-3a	LehrplanPLUS - Realschule - 6 - Kunst - Fachlehrpläne	Fachlehrplan Kunst 6 Realschule, Kunst, Jahrgangsstufe 6
https://www.lehrplanplus.bayern.de/fachlehrplan/realschule/6/mathematik/mathe	LehrplanPLUS - Realschule - 6 - Mathematik - Fachlehrpläne	Fachlehrplan Mathematik 6 Realschule, Mathematik, Jahrgangsstufe 6
https://www.lehrplanplus.bayern.de/fachlehrplan/realschule/6/musik	LehrplanPLUS - Realschule - 6 - Musik - Fachlehrpläne	Fachlehrplan Musik 6 Realschule, Musik, Jahrgangsstufe 6
https://www.lehrplanplus.bayern.de/fachlehrplan/realschule/6/or	LehrplanPLUS - Realschule - 6 - Orthodoxe Religionslehre - Fachlehrpläne	Fachlehrplan Orthodoxe Religionslehre 6 Realschule, Orthodoxe Religionslehre, Jahrgangsstufe 6
https://www.lehrplanplus.bayern.de/fachlehrplan/realschule/6/sport/basis_sport	LehrplanPLUS - Realschule - 6 - Sport - Fachlehrpläne	Fachlehrplan Basissport 6 Realschule, Sport, Jahrgangsstufe 6
https://www.lehrplanplus.bayern.de/fachlehrplan/realschule/6/textiles-gestalten	LehrplanPLUS - Realschule - 6 - Textiles Gestalten - Fachlehrpläne	Fachlehrplan Textiles Gestalten 6 Realschule, Textiles Gestalten, Jahrgangsstufe 6
https://www.lehrplanplus.bayern.de/fachlehrplan/realschule/6/werken	LehrplanPLUS - Realschule - 6 - Werken - Fachlehrpläne	Fachlehrplan Werken 6 Realschule, Werken, Jahrgangsstufe 6
https://www.lehrplanplus.bayern.de/fachlehrplan/realschule/7/biologie	LehrplanPLUS - Realschule - 7 - Biologie - Fachlehrpläne	Fachlehrplan Biologie 7 Realschule, Biologie, Jahrgangsstufe 7
https://www.lehrplanplus.bayern.de/fachlehrplan/realschule/7/bwl-rechnungswesen/wpfg2	LehrplanPLUS - Realschule - 7 - Betriebswirtschaftslehre / Rechnungswesen - Fachlehrpläne	Fachlehrplan Betriebswirtschaftslehre/Rechnungswesen 7 (II) Realschule, Betriebswirtschaftslehre / Rechnungswesen, Jahrgangsstufe 7
https://www.lehrplanplus.bayern.de/fachlehrplan/realschule/7/bwl-rechnungswesen/wpfg3a	LehrplanPLUS - Realschule - 7 - Betriebswirtschaftslehre / Rechnungswesen - Fachlehrpläne	Fachlehrplan Betriebswirtschaftslehre/Rechnungswesen 7 (IIIa) Realschule, Betriebswirtschaftslehre / Rechnungswesen, Jahrgangsstufe 7
https://www.lehrplanplus.bayern.de/fachlehrplan/realschule/7/deutsch	LehrplanPLUS - Realschule - 7 - Deutsch - Fachlehrpläne	Fachlehrplan Deutsch 7 Realschule, Deutsch, Jahrgangsstufe 7
https://www.lehrplanplus.bayern.de/fachlehrplan/realschule/7/englisch	LehrplanPLUS - Realschule - 7 - Englisch - Fachlehrpläne	Fachlehrplan Englisch 7 Realschule, Englisch, Jahrgangsstufe 7
https://www.lehrplanplus.bayern.de/fachlehrplan/realschule/7/ernaehrung_und_gesundheit/wpfg1-2	LehrplanPLUS - Realschule - 7 - Ernährung und Gesundheit - Fachlehrpläne	Fachlehrplan Ernährung und Gesundheit 7 (I/II) Realschule, Ernährung und Gesundheit, Jahrgangsstufe 7
https://www.lehrplanplus.bayern.de/fachlehrplan/realschule/7/ernaehrung_und_gesundheit/wpfg3b	LehrplanPLUS - Realschule - 7 - Ernährung und Gesundheit - Fachlehrpläne	Fachlehrplan Ernährung und Gesundheit 7 (IIIb) Realschule, Ernährung und Gesundheit, Jahrgangsstufe 7
https://www.lehrplanplus.bayern.de/fachlehrplan/realschule/7/ethik	LehrplanPLUS - Realschule - 7 - Ethik - Fachlehrpläne	Fachlehrplan Ethik 7 Realschule, Ethik, Jahrgangsstufe 7
https://www.lehrplanplus.bayern.de/fachlehrplan/realschule/7/evangelische-religionslehre	LehrplanPLUS - Realschule - 7 - Evangelische Religionslehre - Fachlehrpläne	Fachlehrplan Evangelische Religionslehre 7 Realschule, Evangelische Religionslehre, Jahrgangsstufe 7
https://www.lehrplanplus.bayern.de/fachlehrplan/realschule/7/franzoesisch	LehrplanPLUS - Realschule - 7 - Französisch - Fachlehrpläne	Fachlehrplan Französisch 7 Realschule, Französisch, Jahrgangsstufe 7
https://www.lehrplanplus.bayern.de/fachlehrplan/realschule/7/geographie	LehrplanPLUS - Realschule - 7 - Geographie - Fachlehrpläne	Fachlehrplan Geographie 7 Realschule, Geographie, Jahrgangsstufe 7
https://www.lehrplanplus.bayern.de/fachlehrplan/realschule/7/geschichte	LehrplanPLUS - Realschule - 7 - Geschichte - Fachlehrpläne	Fachlehrplan Geschichte 7 Realschule, Geschichte, Jahrgangsstufe 7
https://www.lehrplanplus.bayern.de/fachlehrplan/realschule/7/ir	LehrplanPLUS - Realschule - 7 - Israelitische Religionslehre - Fachlehrpläne	Fachlehrplan Israelitische Religionslehre 7 Realschule, Israelitische Religionslehre, Jahrgangsstufe 7
https://www.lehrplanplus.bayern.de/fachlehrplan/realschule/7/iu	LehrplanPLUS - Realschule - 7 - Islamischer Unterricht - Fachlehrpläne	Fachlehrplan Islamischer Unterricht 7 Realschule, Islamischer Unterricht, Jahrgangsstufe 7
https://www.lehrplanplus.bayern.de/fachlehrplan/realschule/7/katholische-religionslehre	LehrplanPLUS - Realschule - 7 - Katholische Religionslehre - Fachlehrpläne	Fachlehrplan Katholische Religionslehre 7 Realschule, Katholische Religionslehre, Jahrgangsstufe 7
https://www.lehrplanplus.bayern.de/fachlehrplan/realschule/7/kunst/kunst	LehrplanPLUS - Realschule - 7 - Kunst - Fachlehrpläne	Fachlehrplan Kunst 7 Realschule, Kunst, Jahrgangsstufe 7
https://www.lehrplanplus.bayern.de/fachlehrplan/realschule/7/mathematik/wpfg1	LehrplanPLUS - Realschule - 7 - Mathematik - Fachlehrpläne	Fachlehrplan Mathematik 7 (I) Realschule, Mathematik, Jahrgangsstufe 7
https://www.lehrplanplus.bayern.de/fachlehrplan/realschule/7/mathematik/wpfg2-3	LehrplanPLUS - Realschule - 7 - Mathematik - Fachlehrpläne	Fachlehrplan Mathematik 7 (II/III) Realschule, Mathematik, Jahrgangsstufe 7
https://www.lehrplanplus.bayern.de/fachlehrplan/realschule/7/musik	LehrplanPLUS - Realschule - 7 - Musik - Fachlehrpläne	Fachlehrplan Musik 7 Realschule, Musik, Jahrgangsstufe 7
https://www.lehrplanplus.bayern.de/fachlehrplan/realschule/7/or	LehrplanPLUS - Realschule - 7 - Orthodoxe Religionslehre - Fachlehrpläne	Fachlehrplan Orthodoxe Religionslehre 7 Realschule, Orthodoxe Religionslehre, Jahrgangsstufe 7
https://www.lehrplanplus.bayern.de/fachlehrplan/realschule/7/physik/wpfg1	LehrplanPLUS - Realschule - 7 - Physik - Fachlehrpläne	Fachlehrplan Physik 7 (I) Realschule, Physik, Jahrgangsstufe 7
https://www.lehrplanplus.bayern.de/fachlehrplan/realschule/7/sozialwesen	LehrplanPLUS - Realschule - 7 - Sozialwesen - Fachlehrpläne	Fachlehrplan Sozialwesen 7 Realschule, Sozialwesen , Jahrgangsstufe 7
https://www.lehrplanplus.bayern.de/fachlehrplan/realschule/7/spanisch	LehrplanPLUS - Realschule - 7 - Spanisch - Fachlehrpläne	Fachlehrplan Spanisch 7 Realschule, Spanisch, Jahrgangsstufe 7
https://www.lehrplanplus.bayern.de/fachlehrplan/realschule/7/sport/basis_sport	LehrplanPLUS - Realschule - 7 - Sport - Fachlehrpläne	Fachlehrplan Basissport 7 Realschule, Sport, Jahrgangsstufe 7
https://www.lehrplanplus.bayern.de/fachlehrplan/realschule/7/textiles-gestalten	LehrplanPLUS - Realschule - 7 - Textiles Gestalten - Fachlehrpläne	Fachlehrplan Textiles Gestalten 7 Realschule, Textiles Gestalten, Jahrgangsstufe 7
https://www.lehrplanplus.bayern.de/fachlehrplan/realschule/7/werken	LehrplanPLUS - Realschule - 7 - Werken - Fachlehrpläne	Fachlehrplan Werken 7 Realschule, Werken, Jahrgangsstufe 7
https://www.lehrplanplus.bayern.de/fachlehrplan/realschule/8/biologie	LehrplanPLUS - Realschule - 8 - Biologie - Fachlehrpläne	Fachlehrplan Biologie 8 Realschule, Biologie, Jahrgangsstufe 8
https://www.lehrplanplus.bayern.de/fachlehrplan/realschule/8/bwl-rechnungswesen/wpfg2	LehrplanPLUS - Realschule - 8 - Betriebswirtschaftslehre / Rechnungswesen - Fachlehrpläne	Fachlehrplan Betriebswirtschaftslehre/Rechnungswesen 8 (II) Realschule, Betriebswirtschaftslehre / Rechnungswesen, Jahrgangsstufe 8
https://www.lehrplanplus.bayern.de/fachlehrplan/realschule/8/bwl-rechnungswesen/wpfg3a	LehrplanPLUS - Realschule - 8 - Betriebswirtschaftslehre / Rechnungswesen - Fachlehrpläne	Fachlehrplan Betriebswirtschaftslehre/Rechnungswesen 8 (IIIa) Realschule, Betriebswirtschaftslehre / Rechnungswesen, Jahrgangsstufe 8
https://www.lehrplanplus.bayern.de/fachlehrplan/realschule/8/chemie/wpfg1	LehrplanPLUS - Realschule - 8 - Chemie - Fachlehrpläne	Fachlehrplan Chemie 8 (I) Realschule, Chemie, Jahrgangsstufe 8
https://www.lehrplanplus.bayern.de/fachlehrplan/realschule/8/deutsch	LehrplanPLUS - Realschule - 8 - Deutsch - Fachlehrpläne	Fachlehrplan Deutsch 8 Realschule, Deutsch, Jahrgangsstufe 8
https://www.lehrplanplus.bayern.de/fachlehrplan/realschule/8/englisch	LehrplanPLUS - Realschule - 8 - Englisch - Fachlehrpläne	Fachlehrplan Englisch 8 Realschule, Englisch, Jahrgangsstufe 8
https://www.lehrplanplus.bayern.de/fachlehrplan/realschule/8/ernaehrung_und_gesundheit/wpfg3b	LehrplanPLUS - Realschule - 8 - Ernährung und Gesundheit - Fachlehrpläne	Fachlehrplan Ernährung und Gesundheit 8 (IIIb) Realschule, Ernährung und Gesundheit, Jahrgangsstufe 8
https://www.lehrplanplus.bayern.de/fachlehrplan/realschule/8/ethik	LehrplanPLUS - Realschule - 8 - Ethik - Fachlehrpläne	Fachlehrplan Ethik 8 Realschule, Ethik, Jahrgangsstufe 8
https://www.lehrplanplus.bayern.de/fachlehrplan/realschule/8/evangelische-religionslehre	LehrplanPLUS - Realschule - 8 - Evangelische Religionslehre - Fachlehrpläne	Fachlehrplan Evangelische Religionslehre 8 Realschule, Evangelische Religionslehre, Jahrgangsstufe 8
https://www.lehrplanplus.bayern.de/fachlehrplan/realschule/8/franzoesisch	LehrplanPLUS - Realschule - 8 - Französisch - Fachlehrpläne	Fachlehrplan Französisch 8 Realschule, Französisch, Jahrgangsstufe 8
https://www.lehrplanplus.bayern.de/fachlehrplan/realschule/8/geographie	LehrplanPLUS - Realschule - 8 - Geographie - Fachlehrpläne	Fachlehrplan Geographie 8 Realschule, Geographie, Jahrgangsstufe 8
https://www.lehrplanplus.bayern.de/fachlehrplan/realschule/8/geschichte	LehrplanPLUS - Realschule - 8 - Geschichte - Fachlehrpläne	Fachlehrplan Geschichte 8 Realschule, Geschichte, Jahrgangsstufe 8
https://www.lehrplanplus.bayern.de/fachlehrplan/realschule/8/ir	LehrplanPLUS - Realschule - 8 - Israelitische Religionslehre - Fachlehrpläne	Fachlehrplan Israelitische Religionslehre 8 Realschule, Israelitische Religionslehre, Jahrgangsstufe 8
https://www.lehrplanplus.bayern.de/fachlehrplan/realschule/8/iu	LehrplanPLUS - Realschule - 8 - Islamischer Unterricht - Fachlehrpläne	Fachlehrplan Islamischer Unterricht 8 Realschule, Islamischer Unterricht, Jahrgangsstufe 8
https://www.lehrplanplus.bayern.de/fachlehrplan/realschule/8/katholische-religionslehre	LehrplanPLUS - Realschule - 8 - Katholische Religionslehre - Fachlehrpläne	Fachlehrplan Katholische Religionslehre 8 Realschule, Katholische Religionslehre, Jahrgangsstufe 8
https://www.lehrplanplus.bayern.de/fachlehrplan/realschule/8/kunst/kunst	LehrplanPLUS - Realschule - 8 - Kunst - Fachlehrpläne	Fachlehrplan Kunst 8 Realschule, Kunst, Jahrgangsstufe 8
https://www.lehrplanplus.bayern.de/fachlehrplan/realschule/8/mathematik/wpfg1	LehrplanPLUS - Realschule - 8 - Mathematik - Fachlehrpläne	Fachlehrplan Mathematik 8 (I) Realschule, Mathematik, Jahrgangsstufe 8
https://www.lehrplanplus.bayern.de/fachlehrplan/realschule/8/mathematik/wpfg2-3	LehrplanPLUS - Realschule - 8 - Mathematik - Fachlehrpläne	Fachlehrplan Mathematik 8 (II/III) Realschule, Mathematik, Jahrgangsstufe 8
https://www.lehrplanplus.bayern.de/fachlehrplan/realschule/8/musik	LehrplanPLUS - Realschule - 8 - Musik - Fachlehrpläne	Fachlehrplan Musik 8 Realschule, Musik, Jahrgangsstufe 8
https://www.lehrplanplus.bayern.de/fachlehrplan/realschule/8/or	LehrplanPLUS - Realschule - 8 - Orthodoxe Religionslehre - Fachlehrpläne	Fachlehrplan Orthodoxe Religionslehre 8 Realschule, Orthodoxe Religionslehre, Jahrgangsstufe 8
https://www.lehrplanplus.bayern.de/fachlehrplan/realschule/8/physik/wpfg1	LehrplanPLUS - Realschule - 8 - Physik - Fachlehrpläne	Fachlehrplan Physik 8 (I) Realschule, Physik, Jahrgangsstufe 8
https://www.lehrplanplus.bayern.de/fachlehrplan/realschule/8/physik/wpfg2-3	LehrplanPLUS - Realschule - 8 - Physik - Fachlehrpläne	Fachlehrplan Physik 8 (II/III) Realschule, Physik, Jahrgangsstufe 8
https://www.lehrplanplus.bayern.de/fachlehrplan/realschule/8/soziallehre	LehrplanPLUS - Realschule - 8 - Soziallehre - Fachlehrpläne	Fachlehrplan Soziallehre Realschule, Soziallehre, Jahrgangsstufe 8
https://www.lehrplanplus.bayern.de/fachlehrplan/realschule/8/sozialwesen	LehrplanPLUS - Realschule - 8 - Sozialwesen - Fachlehrpläne	Fachlehrplan Sozialwesen 8 Realschule, Sozialwesen , Jahrgangsstufe 8
https://www.lehrplanplus.bayern.de/fachlehrplan/realschule/8/spanisch	LehrplanPLUS - Realschule - 8 - Spanisch - Fachlehrpläne	Fachlehrplan Spanisch 8 Realschule, Spanisch, Jahrgangsstufe 8
https://www.lehrplanplus.bayern.de/fachlehrplan/realschule/8/sport/basis_sport	LehrplanPLUS - Realschule - 8 - Sport - Fachlehrpläne	Fachlehrplan Basissport 8 Realschule, Sport, Jahrgangsstufe 8
https://www.lehrplanplus.bayern.de/fachlehrplan/realschule/8/textiles-gestalten	LehrplanPLUS - Realschule - 8 - Textiles Gestalten - Fachlehrpläne	Fachlehrplan Textiles Gestalten 8 Realschule, Textiles Gestalten, Jahrgangsstufe 8
https://www.lehrplanplus.bayern.de/fachlehrplan/realschule/8/werken	LehrplanPLUS - Realschule - 8 - Werken - Fachlehrpläne	Fachlehrplan Werken 8 Realschule, Werken, Jahrgangsstufe 8
https://www.lehrplanplus.bayern.de/fachlehrplan/realschule/8/wirtschaft-und-recht/wpfg2	LehrplanPLUS - Realschule - 8 - Wirtschaft und Recht - Fachlehrpläne	Fachlehrplan Wirtschaft und Recht 8 (II) Realschule, Wirtschaft und Recht, Jahrgangsstufe 8
https://www.lehrplanplus.bayern.de/fachlehrplan/realschule/9/bwl-rechnungswesen/wpfg2	LehrplanPLUS - Realschule - 9 - Betriebswirtschaftslehre / Rechnungswesen - Fachlehrpläne	Fachlehrplan Betriebswirtschaftslehre/Rechnungswesen 9 (II) Realschule, Betriebswirtschaftslehre / Rechnungswesen, Jahrgangsstufe 9
https://www.lehrplanplus.bayern.de/fachlehrplan/realschule/9/chemie/wpfg1	LehrplanPLUS - Realschule - 9 - Chemie - Fachlehrpläne	Fachlehrplan Chemie 9 (I) Realschule, Chemie, Jahrgangsstufe 9
https://www.lehrplanplus.bayern.de/fachlehrplan/realschule/9/chemie/wpfg2-3	LehrplanPLUS - Realschule - 9 - Chemie - Fachlehrpläne	Fachlehrplan Chemie 9 (II/III) Realschule, Chemie, Jahrgangsstufe 9
https://www.lehrplanplus.bayern.de/fachlehrplan/realschule/9/deutsch	LehrplanPLUS - Realschule - 9 - Deutsch - Fachlehrpläne	Fachlehrplan Deutsch 9 Realschule, Deutsch, Jahrgangsstufe 9
https://www.lehrplanplus.bayern.de/fachlehrplan/realschule/9/englisch	LehrplanPLUS - Realschule - 9 - Englisch - Fachlehrpläne	Fachlehrplan Englisch 9 Realschule, Englisch, Jahrgangsstufe 9
https://www.lehrplanplus.bayern.de/fachlehrplan/realschule/9/ernaehrung_und_gesundheit/wpfg3b	LehrplanPLUS - Realschule - 9 - Ernährung und Gesundheit - Fachlehrpläne	Fachlehrplan Ernährung und Gesundheit 9 (IIIb) Realschule, Ernährung und Gesundheit, Jahrgangsstufe 9
https://www.lehrplanplus.bayern.de/fachlehrplan/realschule/9/ethik	LehrplanPLUS - Realschule - 9 - Ethik - Fachlehrpläne	Fachlehrplan Ethik 9 Realschule, Ethik, Jahrgangsstufe 9
https://www.lehrplanplus.bayern.de/fachlehrplan/realschule/9/evangelische-religionslehre	LehrplanPLUS - Realschule - 9 - Evangelische Religionslehre - Fachlehrpläne	Fachlehrplan Evangelische Religionslehre 9 Realschule, Evangelische Religionslehre, Jahrgangsstufe 9
https://www.lehrplanplus.bayern.de/fachlehrplan/realschule/9/franzoesisch	LehrplanPLUS - Realschule - 9 - Französisch - Fachlehrpläne	Fachlehrplan Französisch 9 Realschule, Französisch, Jahrgangsstufe 9
https://www.lehrplanplus.bayern.de/fachlehrplan/realschule/9/geographie	LehrplanPLUS - Realschule - 9 - Geographie - Fachlehrpläne	Fachlehrplan Geographie 9 Realschule, Geographie, Jahrgangsstufe 9
https://www.lehrplanplus.bayern.de/fachlehrplan/realschule/9/geschichte	LehrplanPLUS - Realschule - 9 - Geschichte - Fachlehrpläne	Fachlehrplan Geschichte 9 Realschule, Geschichte, Jahrgangsstufe 9
https://www.lehrplanplus.bayern.de/fachlehrplan/realschule/9/ir	LehrplanPLUS - Realschule - 9 - Israelitische Religionslehre - Fachlehrpläne	Fachlehrplan Israelitische Religionslehre 9 Realschule, Israelitische Religionslehre, Jahrgangsstufe 9
https://www.lehrplanplus.bayern.de/fachlehrplan/realschule/9/iu	LehrplanPLUS - Realschule - 9 - Islamischer Unterricht - Fachlehrpläne	Fachlehrplan Islamischer Unterricht 9 Realschule, Islamischer Unterricht, Jahrgangsstufe 9
https://www.lehrplanplus.bayern.de/fachlehrplan/realschule/9/katholische-religionslehre	LehrplanPLUS - Realschule - 9 - Katholische Religionslehre - Fachlehrpläne	Fachlehrplan Katholische Religionslehre 9 Realschule, Katholische Religionslehre, Jahrgangsstufe 9
https://www.lehrplanplus.bayern.de/fachlehrplan/realschule/9/kunst/kunst	LehrplanPLUS - Realschule - 9 - Kunst - Fachlehrpläne	Fachlehrplan Kunst 9 Realschule, Kunst, Jahrgangsstufe 9
https://www.lehrplanplus.bayern.de/fachlehrplan/realschule/9/mathematik/wpfg1	LehrplanPLUS - Realschule - 9 - Mathematik - Fachlehrpläne	Fachlehrplan Mathematik 9 (I) Realschule, Mathematik, Jahrgangsstufe 9
https://www.lehrplanplus.bayern.de/fachlehrplan/realschule/9/mathematik/wpfg2-3	LehrplanPLUS - Realschule - 9 - Mathematik - Fachlehrpläne	Fachlehrplan Mathematik 9 (II/III) Realschule, Mathematik, Jahrgangsstufe 9
https://www.lehrplanplus.bayern.de/fachlehrplan/realschule/9/musik	LehrplanPLUS - Realschule - 9 - Musik - Fachlehrpläne	Fachlehrplan Musik 9 Realschule, Musik, Jahrgangsstufe 9
https://www.lehrplanplus.bayern.de/fachlehrplan/realschule/9/or	LehrplanPLUS - Realschule - 9 - Orthodoxe Religionslehre - Fachlehrpläne	Fachlehrplan Orthodoxe Religionslehre 9 Realschule, Orthodoxe Religionslehre, Jahrgangsstufe 9
https://www.lehrplanplus.bayern.de/fachlehrplan/realschule/9/physik/wpfg1	LehrplanPLUS - Realschule - 9 - Physik - Fachlehrpläne	Fachlehrplan Physik 9 (I) Realschule, Physik, Jahrgangsstufe 9
https://www.lehrplanplus.bayern.de/fachlehrplan/realschule/9/physik/wpfg2-3	LehrplanPLUS - Realschule - 9 - Physik - Fachlehrpläne	Fachlehrplan Physik 9 (II/III) Realschule, Physik, Jahrgangsstufe 9
https://www.lehrplanplus.bayern.de/fachlehrplan/realschule/9/soziallehre	LehrplanPLUS - Realschule - 9 - Soziallehre - Fachlehrpläne	Fachlehrplan Soziallehre Realschule, Soziallehre, Jahrgangsstufe 9
https://www.lehrplanplus.bayern.de/fachlehrplan/realschule/9/sozialwesen	LehrplanPLUS - Realschule - 9 - Sozialwesen - Fachlehrpläne	Fachlehrplan Sozialwesen 9 Realschule, Sozialwesen , Jahrgangsstufe 9
https://www.lehrplanplus.bayern.de/fachlehrplan/realschule/9/spanisch	LehrplanPLUS - Realschule - 9 - Spanisch - Fachlehrpläne	Fachlehrplan Spanisch 9 Realschule, Spanisch, Jahrgangsstufe 9
https://www.lehrplanplus.bayern.de/fachlehrplan/realschule/9/sport/basis_sport	LehrplanPLUS - Realschule - 9 - Sport - Fachlehrpläne	Fachlehrplan Basissport 9 Realschule, Sport, Jahrgangsstufe 9
https://www.lehrplanplus.bayern.de/fachlehrplan/realschule/9/textiles-gestalten	LehrplanPLUS - Realschule - 9 - Textiles Gestalten - Fachlehrpläne	Fachlehrplan Textiles Gestalten 9 Realschule, Textiles Gestalten, Jahrgangsstufe 9
https://www.lehrplanplus.bayern.de/fachlehrplan/realschule/9/werken	LehrplanPLUS - Realschule - 9 - Werken - Fachlehrpläne	Fachlehrplan Werken 9 Realschule, Werken, Jahrgangsstufe 9
https://www.lehrplanplus.bayern.de/fachlehrplan/realschule/9/wirtschaft-und-recht/wpfg1-3	LehrplanPLUS - Realschule - 9 - Wirtschaft und Recht - Fachlehrpläne	Fachlehrplan Wirtschaft und Recht 9 (I/III) Realschule, Wirtschaft und Recht, Jahrgangsstufe 9
https://www.lehrplanplus.bayern.de/fachlehrplan/realschule/9/wirtschaft-und-recht/wpfg2	LehrplanPLUS - Realschule - 9 - Wirtschaft und Recht - Fachlehrpläne	Fachlehrplan Wirtschaft und Recht 9 (II) Realschule, Wirtschaft und Recht, Jahrgangsstufe 9
https://www.lehrplanplus.bayern.de/fachlehrplan/wirtschaftsschule/10/deutsch/dreistufig_gueltig_ab_2627	LehrplanPLUS - Wirtschaftsschule - 10 - Deutsch - Fachlehrpläne	Fachlehrplan Deutsch 10 (dreistufige Wirtschaftsschule) Wirtschaftsschule, Deutsch, Jahrgangsstufe 10
https://www.lehrplanplus.bayern.de/fachlehrplan/wirtschaftsschule/10/deutsch/vierstufig_gueltig_ab_2627	LehrplanPLUS - Wirtschaftsschule - 10 - Deutsch - Fachlehrpläne	Fachlehrplan Deutsch 10 (vierstufige Wirtschaftsschule) Wirtschaftsschule, Deutsch, Jahrgangsstufe 10
https://www.lehrplanplus.bayern.de/fachlehrplan/wirtschaftsschule/10/deutsch/zweistufig_gueltig_ab_2526	LehrplanPLUS - Wirtschaftsschule - 10 - Deutsch - Fachlehrpläne	Fachlehrplan Deutsch 10 (zweistufige Wirtschaftsschule) Wirtschaftsschule, Deutsch, Jahrgangsstufe 10
https://www.lehrplanplus.bayern.de/fachlehrplan/wirtschaftsschule/10/e-commerce/vertieft	LehrplanPLUS - Wirtschaftsschule - 10, 11 - E-Commerce - Fachlehrpläne	Fachlehrplan Vertiefungsmodul E-Commerce Wirtschaftsschule, E-Commerce, Jahrgangsstufe 10/11
https://www.lehrplanplus.bayern.de/fachlehrplan/wirtschaftsschule/10/englisch/dreistufig_gueltig_ab_2627	LehrplanPLUS - Wirtschaftsschule - 10 - Englisch - Fachlehrpläne	Fachlehrplan Englisch 10 (dreistufige Wirtschaftsschule) Wirtschaftsschule, Englisch, Jahrgangsstufe 10
https://www.lehrplanplus.bayern.de/fachlehrplan/wirtschaftsschule/10/englisch/vierstufig_gueltig_ab_2627	LehrplanPLUS - Wirtschaftsschule - 10 - Englisch - Fachlehrpläne	Fachlehrplan Englisch 10 (vierstufige Wirtschaftsschule) Wirtschaftsschule, Englisch, Jahrgangsstufe 10
https://www.lehrplanplus.bayern.de/fachlehrplan/wirtschaftsschule/10/englisch/zweistufig_gueltig_ab_2526	LehrplanPLUS - Wirtschaftsschule - 10 - Englisch - Fachlehrpläne	Fachlehrplan Englisch 10 (zweistufige Wirtschaftsschule) Wirtschaftsschule, Englisch, Jahrgangsstufe 10
https://www.lehrplanplus.bayern.de/fachlehrplan/wirtschaftsschule/10/ethik/dreistufig	LehrplanPLUS - Wirtschaftsschule - 10 - Ethik - Fachlehrpläne	Fachlehrplan Ethik 10 (dreistufige Wirtschaftsschule) Wirtschaftsschule, Ethik, Jahrgangsstufe 10
https://www.lehrplanplus.bayern.de/fachlehrplan/wirtschaftsschule/10/ethik/vierstufig	LehrplanPLUS - Wirtschaftsschule - 10 - Ethik - Fachlehrpläne	Fachlehrplan Ethik 10 (vierstufige Wirtschaftsschule) Wirtschaftsschule, Ethik, Jahrgangsstufe 10
https://www.lehrplanplus.bayern.de/fachlehrplan/wirtschaftsschule/10/ethik/zweistufig	LehrplanPLUS - Wirtschaftsschule - 10 - Ethik - Fachlehrpläne	Fachlehrplan Ethik 10 (zweistufige Wirtschaftsschule) Wirtschaftsschule, Ethik, Jahrgangsstufe 10
https://www.lehrplanplus.bayern.de/fachlehrplan/wirtschaftsschule/10/evangelische-religionslehre/dreistufig	LehrplanPLUS - Wirtschaftsschule - 10 - Evangelische Religionslehre - Fachlehrpläne	Fachlehrplan Evangelische Religionslehre 10 (dreistufige Wirtschaftsschule) Wirtschaftsschule, Evangelische Religionslehre, Jahrgangsstufe 10
https://www.lehrplanplus.bayern.de/fachlehrplan/wirtschaftsschule/10/evangelische-religionslehre/vierstufig	LehrplanPLUS - Wirtschaftsschule - 10 - Evangelische Religionslehre - Fachlehrpläne	Fachlehrplan Evangelische Religionslehre 10 (vierstufige Wirtschaftsschule) Wirtschaftsschule, Evangelische Religionslehre, Jahrgangsstufe 10
https://www.lehrplanplus.bayern.de/fachlehrplan/wirtschaftsschule/10/evangelische-religionslehre/zweistufig	LehrplanPLUS - Wirtschaftsschule - 10 - Evangelische Religionslehre - Fachlehrpläne	Fachlehrplan Evangelische Religionslehre 10 (zweistufige Wirtschaftsschule) Wirtschaftsschule, Evangelische Religionslehre, Jahrgangsstufe 10
https://www.lehrplanplus.bayern.de/fachlehrplan/wirtschaftsschule/10/fit_for_finance/vertieft	LehrplanPLUS - Wirtschaftsschule - 10, 11 - Fit for Finance - Fachlehrpläne	Fachlehrplan Vertiefungsmodul Fit for Finance Wirtschaftsschule, Fit for Finance, Jahrgangsstufe 10/11
https://www.lehrplanplus.bayern.de/fachlehrplan/wirtschaftsschule/10/gamification/vertieft	LehrplanPLUS - Wirtschaftsschule - 10, 11 - Gamification - Fachlehrpläne	Fachlehrplan Vertiefungsmodul Gamification Wirtschaftsschule, Gamification, Jahrgangsstufe 10/11
https://www.lehrplanplus.bayern.de/fachlehrplan/wirtschaftsschule/10/gesundheit/vertieft	LehrplanPLUS - Wirtschaftsschule - 10, 11 - Gesundheit - Fachlehrpläne	Fachlehrplan Vertiefungsmodul Gesundheit Wirtschaftsschule, Gesundheit, Jahrgangsstufe 10/11
https://www.lehrplanplus.bayern.de/fachlehrplan/wirtschaftsschule/10/gpug-ws/dreistufig	LehrplanPLUS - Wirtschaftsschule - 10 - Geschichte/Politik und Gesellschaft (WS) - Fachlehrpläne	Fachlehrplan Geschichte/Politik und Gesellschaft 10 (dreistufige Wirtschaftsschule) Wirtschaftsschule, Geschichte/Politik und Gesellschaft (WS), Jahrgangsstufe 10
https://www.lehrplanplus.bayern.de/fachlehrplan/wirtschaftsschule/10/gpug-ws/vierstufig	LehrplanPLUS - Wirtschaftsschule - 10 - Geschichte/Politik und Gesellschaft (WS) - Fachlehrpläne	Fachlehrplan Geschichte/Politik und Gesellschaft 10 (vierstufige Wirtschaftsschule) Wirtschaftsschule, Geschichte/Politik und Gesellschaft (WS), Jahrgangsstufe 10
https://www.lehrplanplus.bayern.de/fachlehrplan/wirtschaftsschule/10/iu	LehrplanPLUS - Wirtschaftsschule - 10 - Islamischer Unterricht - Fachlehrpläne	Fachlehrplan Islamischer Unterricht 10 (drei- und vierstufige Wirtschaftsschule) Wirtschaftsschule, Islamischer Unterricht, Jahrgangsstufe 10
https://www.lehrplanplus.bayern.de/fachlehrplan/wirtschaftsschule/10/katholische-religionslehre/dreistufig	LehrplanPLUS - Wirtschaftsschule - 10 - Katholische Religionslehre - Fachlehrpläne	Fachlehrplan Katholische Religionslehre 10 (dreistufig Wirtschaftsschule) Wirtschaftsschule, Katholische Religionslehre, Jahrgangsstufe 10
https://www.lehrplanplus.bayern.de/fachlehrplan/wirtschaftsschule/10/katholische-religionslehre/vierstufig	LehrplanPLUS - Wirtschaftsschule - 10 - Katholische Religionslehre - Fachlehrpläne	Fachlehrplan Katholische Religionslehre 10 (vierstufige Wirtschaftsschule) Wirtschaftsschule, Katholische Religionslehre, Jahrgangsstufe 10
https://www.lehrplanplus.bayern.de/fachlehrplan/wirtschaftsschule/10/katholische-religionslehre/zweistufig	LehrplanPLUS - Wirtschaftsschule - 10 - Katholische Religionslehre - Fachlehrpläne	Fachlehrplan Katholische Religionslehre 10 (zweistufige Wirtschaftsschule) Wirtschaftsschule, Katholische Religionslehre, Jahrgangsstufe 10
https://www.lehrplanplus.bayern.de/fachlehrplan/wirtschaftsschule/10/life_skills/vertieft	LehrplanPLUS - Wirtschaftsschule - 10, 11 - Life Skills - Fachlehrpläne	Fachlehrplan Vertiefungsmodul Life Skills Wirtschaftsschule, Life Skills, Jahrgangsstufe 10/11
https://www.lehrplanplus.bayern.de/fachlehrplan/wirtschaftsschule/10/mathematik/dreistufig_gueltig_ab_2627	LehrplanPLUS - Wirtschaftsschule - 10 - Mathematik - Fachlehrpläne	Fachlehrplan Mathematik 10 (dreistufige Wirtschaftsschule) Wirtschaftsschule, Mathematik, Jahrgangsstufe 10
https://www.lehrplanplus.bayern.de/fachlehrplan/wirtschaftsschule/10/mathematik/vierstufig_gueltig_ab_2627	LehrplanPLUS - Wirtschaftsschule - 10 - Mathematik - Fachlehrpläne	Fachlehrplan Mathematik 10 (vierstufige Wirtschaftsschule) Wirtschaftsschule, Mathematik, Jahrgangsstufe 10
https://www.lehrplanplus.bayern.de/fachlehrplan/wirtschaftsschule/10/mathematik/zweistufig	LehrplanPLUS - Wirtschaftsschule - 10 - Mathematik - Fachlehrpläne	Fachlehrplan Mathematik 10 (zweistufige Wirtschaftsschule) Wirtschaftsschule, Mathematik, Jahrgangsstufe 10
https://www.lehrplanplus.bayern.de/fachlehrplan/wirtschaftsschule/10/oebdb/zweistufig	LehrplanPLUS - Wirtschaftsschule - 10, 11 - Ökonomische Bildung und Digitale Bildung - Fachlehrpläne	Fachlehrplan Ökonomische Bildung und Digitale Bildung 10/11 (zweistufige Wirtschaftsschule) Wirtschaftsschule, Ökonomische Bildung und Digitale Bildung, Jahrgangsstufe 10/11
https://www.lehrplanplus.bayern.de/fachlehrplan/wirtschaftsschule/10/or/zweistufig	LehrplanPLUS - Wirtschaftsschule - 10 - Orthodoxe Religionslehre - Fachlehrpläne	Fachlehrplan Orthodoxe Religionslehre 10 (zweistufige Wirtschaftsschule) Wirtschaftsschule, Orthodoxe Religionslehre, Jahrgangsstufe 10
https://www.lehrplanplus.bayern.de/fachlehrplan/wirtschaftsschule/10/robotik/vertieft	LehrplanPLUS - Wirtschaftsschule - 10, 11 - Robotik - Fachlehrpläne	Fachlehrplan Vertiefungsmodul Robotik Wirtschaftsschule, Robotik, Jahrgangsstufe 10/11
https://www.lehrplanplus.bayern.de/fachlehrplan/wirtschaftsschule/10/sport/dreistufig	LehrplanPLUS - Wirtschaftsschule - 10 - Sport - Fachlehrpläne	Fachlehrplan Basissport 10 (dreistufige Wirtschaftsschule) Wirtschaftsschule, Sport, Jahrgangsstufe 10
https://www.lehrplanplus.bayern.de/fachlehrplan/wirtschaftsschule/10/sport/vierstufig	LehrplanPLUS - Wirtschaftsschule - 10 - Sport - Fachlehrpläne	Fachlehrplan Basissport 10 (vierstufige Wirtschaftsschule) Wirtschaftsschule, Sport, Jahrgangsstufe 10
https://www.lehrplanplus.bayern.de/fachlehrplan/wirtschaftsschule/10/sport/zweistufig	LehrplanPLUS - Wirtschaftsschule - 10, 11 - Sport - Fachlehrpläne	Fachlehrplan Basissport 10/11 (zweistufige Wirtschaftsschule) Wirtschaftsschule, Sport, Jahrgangsstufe 10/11
https://www.lehrplanplus.bayern.de/fachlehrplan/wirtschaftsschule/10/tourismus/vertieft	LehrplanPLUS - Wirtschaftsschule - 10, 11 - Tourismus - Fachlehrpläne	Fachlehrplan Vertiefungsmodul Tourismus Wirtschaftsschule, Tourismus, Jahrgangsstufe 10/11
https://www.lehrplanplus.bayern.de/fachlehrplan/wirtschaftsschule/10/uebungsunternehmen/drei_vierstufig	LehrplanPLUS - Wirtschaftsschule - 10, 9 - Übungsunternehmen - Fachlehrpläne	Fachlehrplan Übungsunternehmen 9/10 (drei- und vierstufige Wirtschaftsschule) Wirtschaftsschule, Übungsunternehmen, Jahrgangsstufe 10/9
https://www.lehrplanplus.bayern.de/fachlehrplan/wirtschaftsschule/10/uebungsunternehmen/zweistufig	LehrplanPLUS - Wirtschaftsschule - 10, 11 - Übungsunternehmen - Fachlehrpläne	Fachlehrplan Übungsunternehmen 10/11 (zweistufige Wirtschaftsschule) Wirtschaftsschule, Übungsunternehmen, Jahrgangsstufe 10/11
https://www.lehrplanplus.bayern.de/fachlehrplan/wirtschaftsschule/10/umweltoekonomie/vertieft	LehrplanPLUS - Wirtschaftsschule - 10, 11 - Umweltökonomie - Fachlehrpläne	Fachlehrplan Vertiefungsmodul Umweltökonomie Wirtschaftsschule, Umweltökonomie, Jahrgangsstufe 10/11
https://www.lehrplanplus.bayern.de/fachlehrplan/wirtschaftsschule/10/umwelttechnik/vertieft	LehrplanPLUS - Wirtschaftsschule - 10, 11 - Umwelttechnik - Fachlehrpläne	Fachlehrplan Vertiefungsmodul Umwelttechnik Wirtschaftsschule, Umwelttechnik, Jahrgangsstufe 10/11
https://www.lehrplanplus.bayern.de/fachlehrplan/wirtschaftsschule/11/deutsch/zweistufig_gueltig_ab_2627	LehrplanPLUS - Wirtschaftsschule - 11 - Deutsch - Fachlehrpläne	Fachlehrplan Deutsch 11 (zweistufige Wirtschaftsschule) Wirtschaftsschule, Deutsch, Jahrgangsstufe 11
https://www.lehrplanplus.bayern.de/fachlehrplan/wirtschaftsschule/11/englisch/zweistufig_gueltig_ab_2627	LehrplanPLUS - Wirtschaftsschule - 11 - Englisch - Fachlehrpläne	Fachlehrplan Englisch 11 (zweistufige Wirtschaftsschule) Wirtschaftsschule, Englisch, Jahrgangsstufe 11
https://www.lehrplanplus.bayern.de/fachlehrplan/wirtschaftsschule/11/ethik/zweistufig	LehrplanPLUS - Wirtschaftsschule - 11 - Ethik - Fachlehrpläne	Fachlehrplan Ethik 11 (zweistufige Wirtschaftsschule) Wirtschaftsschule, Ethik, Jahrgangsstufe 11
https://www.lehrplanplus.bayern.de/fachlehrplan/wirtschaftsschule/11/evangelische-religionslehre/zweistufig	LehrplanPLUS - Wirtschaftsschule - 11 - Evangelische Religionslehre - Fachlehrpläne	Fachlehrplan Evangelische Religionslehre 11 (zweistufige Wirtschaftsschule) Wirtschaftsschule, Evangelische Religionslehre, Jahrgangsstufe 11
https://www.lehrplanplus.bayern.de/fachlehrplan/wirtschaftsschule/11/katholische-religionslehre/zweistufig	LehrplanPLUS - Wirtschaftsschule - 11 - Katholische Religionslehre - Fachlehrpläne	Fachlehrplan Katholische Religionslehre 11 (zweistufige Wirtschaftsschule) Wirtschaftsschule, Katholische Religionslehre, Jahrgangsstufe 11
https://www.lehrplanplus.bayern.de/fachlehrplan/wirtschaftsschule/11/mathematik/zweistufig_gueltig_ab_2627	LehrplanPLUS - Wirtschaftsschule - 11 - Mathematik - Fachlehrpläne	Fachlehrplan Mathematik 11 (zweistufige Wirtschaftsschule) Wirtschaftsschule, Mathematik, Jahrgangsstufe 11
https://www.lehrplanplus.bayern.de/fachlehrplan/wirtschaftsschule/11/or/zweistufig	LehrplanPLUS - Wirtschaftsschule - 11 - Orthodoxe Religionslehre - Fachlehrpläne	Fachlehrplan Orthodoxe Religionslehre 11 (zweistufige Wirtschaftsschule) Wirtschaftsschule, Orthodoxe Religionslehre, Jahrgangsstufe 11
https://www.lehrplanplus.bayern.de/fachlehrplan/wirtschaftsschule/11/wirtschaft_aktuell	LehrplanPLUS - Wirtschaftsschule - 11 - Wirtschaft Aktuell - Fachlehrpläne	Fachlehrplan Wirtschaft Aktuell 11 (zweistufige Wirtschaftsschule) Wirtschaftsschule, Wirtschaft Aktuell, Jahrgangsstufe 11
https://www.lehrplanplus.bayern.de/fachlehrplan/wirtschaftsschule/6/deutsch/vierstufig	LehrplanPLUS - Wirtschaftsschule - 6 - Deutsch - Fachlehrpläne	Fachlehrplan Deutsch 6 (vierstufige Wirtschaftsschule) Wirtschaftsschule, Deutsch, Jahrgangsstufe 6
https://www.lehrplanplus.bayern.de/fachlehrplan/wirtschaftsschule/6/digitales-leben-und-arbeiten/vierstufig	LehrplanPLUS - Wirtschaftsschule - 6 - Digitale Bildung (WS) - Fachlehrpläne	Fachlehrplan Digitale Bildung 6 (vierstufige Wirtschaftsschule) Wirtschaftsschule, Digitale Bildung (WS), Jahrgangsstufe 6
https://www.lehrplanplus.bayern.de/fachlehrplan/wirtschaftsschule/6/englisch/vierstufig	LehrplanPLUS - Wirtschaftsschule - 6 - Englisch - Fachlehrpläne	Fachlehrplan Englisch 6 (vierstufige Wirtschaftsschule) Wirtschaftsschule, Englisch, Jahrgangsstufe 6
https://www.lehrplanplus.bayern.de/fachlehrplan/wirtschaftsschule/6/ethik/vierstufig	LehrplanPLUS - Wirtschaftsschule - 6 - Ethik - Fachlehrpläne	Fachlehrplan Ethik 6 (vierstufige Wirtschaftsschule) Wirtschaftsschule, Ethik, Jahrgangsstufe 6
https://www.lehrplanplus.bayern.de/fachlehrplan/wirtschaftsschule/6/evangelische-religionslehre/vierstufig	LehrplanPLUS - Wirtschaftsschule - 6 - Evangelische Religionslehre - Fachlehrpläne	Fachlehrplan Evangelische Religionslehre 6 (vierstufige Wirtschaftsschule) Wirtschaftsschule, Evangelische Religionslehre, Jahrgangsstufe 6
https://www.lehrplanplus.bayern.de/fachlehrplan/wirtschaftsschule/6/gpug-ws/vierstufig	LehrplanPLUS - Wirtschaftsschule - 6 - Geschichte/Politik und Gesellschaft (WS) - Fachlehrpläne	Fachlehrplan Geschichte/Politik und Gesellschaft 6 (vierstufige Wirtschaftsschule) Wirtschaftsschule, Geschichte/Politik und Gesellschaft (WS), Jahrgangsstufe 6
https://www.lehrplanplus.bayern.de/fachlehrplan/wirtschaftsschule/6/iu	LehrplanPLUS - Wirtschaftsschule - 6 - Islamischer Unterricht - Fachlehrpläne	Fachlehrplan Islamischer Unterricht 6 (vierstufige Wirtschaftsschule) Wirtschaftsschule, Islamischer Unterricht, Jahrgangsstufe 6
https://www.lehrplanplus.bayern.de/fachlehrplan/wirtschaftsschule/6/katholische-religionslehre/vierstufig	LehrplanPLUS - Wirtschaftsschule - 6 - Katholische Religionslehre - Fachlehrpläne	Fachlehrplan Katholische Religionslehre 6 (vierstufige Wirtschaftsschule) Wirtschaftsschule, Katholische Religionslehre, Jahrgangsstufe 6
https://www.lehrplanplus.bayern.de/fachlehrplan/wirtschaftsschule/6/mathematik/vierstufig	LehrplanPLUS - Wirtschaftsschule - 6 - Mathematik - Fachlehrpläne	Fachlehrplan Mathematik 6 (vierstufige Wirtschaftsschule) Wirtschaftsschule, Mathematik, Jahrgangsstufe 6
https://www.lehrplanplus.bayern.de/fachlehrplan/wirtschaftsschule/6/musischaesthetischebildung/vierstufig	LehrplanPLUS - Wirtschaftsschule - 6 - Musisch-ästhetische Bildung - Fachlehrpläne	Fachlehrplan Musisch-ästhetische Bildung 6 (vierstufige Wirtschaftsschule) Wirtschaftsschule, Musisch-ästhetische Bildung, Jahrgangsstufe 6
https://www.lehrplanplus.bayern.de/fachlehrplan/wirtschaftsschule/6/mut/vierstufig_gueltig_ab_2627	LehrplanPLUS - Wirtschaftsschule - 6 - Mensch, Umwelt, Technik - Fachlehrpläne	Fachlehrplan Mensch, Umwelt, Technik 6 (vierstufige Wirtschaftsschule) Wirtschaftsschule, Mensch, Umwelt, Technik, Jahrgangsstufe 6
https://www.lehrplanplus.bayern.de/fachlehrplan/wirtschaftsschule/6/oeb/vierstufig	LehrplanPLUS - Wirtschaftsschule - 6 - Ökonomische Bildung - Fachlehrpläne	Fachlehrplan Ökonomische Bildung 6 (vierstufige Wirtschaftsschule) Wirtschaftsschule, Ökonomische Bildung, Jahrgangsstufe 6
https://www.lehrplanplus.bayern.de/fachlehrplan/wirtschaftsschule/6/sport/vierstufig	LehrplanPLUS - Wirtschaftsschule - 6 - Sport - Fachlehrpläne	Fachlehrplan Basissport 6 (vierstufige Wirtschaftsschule) Wirtschaftsschule, Sport, Jahrgangsstufe 6
https://www.lehrplanplus.bayern.de/fachlehrplan/wirtschaftsschule/7/deutsch/vierstufig	LehrplanPLUS - Wirtschaftsschule - 7 - Deutsch - Fachlehrpläne	Fachlehrplan Deutsch 7 (vierstufige Wirtschaftsschule) Wirtschaftsschule, Deutsch, Jahrgangsstufe 7
https://www.lehrplanplus.bayern.de/fachlehrplan/wirtschaftsschule/7/englisch/vierstufig	LehrplanPLUS - Wirtschaftsschule - 7 - Englisch - Fachlehrpläne	Fachlehrplan Englisch 7 (vierstufige Wirtschaftsschule) Wirtschaftsschule, Englisch, Jahrgangsstufe 7
https://www.lehrplanplus.bayern.de/fachlehrplan/wirtschaftsschule/7/ethik/vierstufig	LehrplanPLUS - Wirtschaftsschule - 7 - Ethik - Fachlehrpläne	Fachlehrplan Ethik 7 (vierstufige Wirtschaftsschule) Wirtschaftsschule, Ethik, Jahrgangsstufe 7
https://www.lehrplanplus.bayern.de/fachlehrplan/wirtschaftsschule/7/evangelische-religionslehre/vierstufig	LehrplanPLUS - Wirtschaftsschule - 7 - Evangelische Religionslehre - Fachlehrpläne	Fachlehrplan Evangelische Religionslehre 7 (vierstufige Wirtschaftsschule) Wirtschaftsschule, Evangelische Religionslehre, Jahrgangsstufe 7
https://www.lehrplanplus.bayern.de/fachlehrplan/wirtschaftsschule/7/gpug-ws/vierstufig	LehrplanPLUS - Wirtschaftsschule - 7 - Geschichte/Politik und Gesellschaft (WS) - Fachlehrpläne	Fachlehrplan Geschichte/Politik und Gesellschaft 7 (vierstufige Wirtschaftsschule) Wirtschaftsschule, Geschichte/Politik und Gesellschaft (WS), Jahrgangsstufe 7
https://www.lehrplanplus.bayern.de/fachlehrplan/wirtschaftsschule/7/iu	LehrplanPLUS - Wirtschaftsschule - 7 - Islamischer Unterricht - Fachlehrpläne	Fachlehrplan Islamischer Unterricht 7 (vierstufige Wirtschaftsschule) Wirtschaftsschule, Islamischer Unterricht, Jahrgangsstufe 7
https://www.lehrplanplus.bayern.de/fachlehrplan/wirtschaftsschule/7/katholische-religionslehre/vierstufig	LehrplanPLUS - Wirtschaftsschule - 7 - Katholische Religionslehre - Fachlehrpläne	Fachlehrplan Katholische Religionslehre 7 (vierstufige Wirtschaftsschule) Wirtschaftsschule, Katholische Religionslehre, Jahrgangsstufe 7
https://www.lehrplanplus.bayern.de/fachlehrplan/wirtschaftsschule/7/mathematik/vierstufig	LehrplanPLUS - Wirtschaftsschule - 7 - Mathematik - Fachlehrpläne	Fachlehrplan Mathematik 7 (vierstufige Wirtschaftsschule) Wirtschaftsschule, Mathematik, Jahrgangsstufe 7
https://www.lehrplanplus.bayern.de/fachlehrplan/wirtschaftsschule/7/musischaesthetischebildung/vierstufig	LehrplanPLUS - Wirtschaftsschule - 7 - Musisch-ästhetische Bildung - Fachlehrpläne	Fachlehrplan Musisch-ästhetische Bildung 7 (vierstufige Wirtschaftsschule) Wirtschaftsschule, Musisch-ästhetische Bildung, Jahrgangsstufe 7
https://www.lehrplanplus.bayern.de/fachlehrplan/wirtschaftsschule/7/mut/vierstufig_gueltig_ab_2627	LehrplanPLUS - Wirtschaftsschule - 7, 8 - Mensch, Umwelt, Technik - Fachlehrpläne	Fachlehrplan Mensch, Umwelt, Technik 7/8 (vierstufige Wirtschaftsschule) Wirtschaftsschule, Mensch, Umwelt, Technik, Jahrgangsstufe 7/8
https://www.lehrplanplus.bayern.de/fachlehrplan/wirtschaftsschule/7/oebdb/vierstufig	LehrplanPLUS - Wirtschaftsschule - 7, 8 - Ökonomische Bildung und Digitale Bildung - Fachlehrpläne	Fachlehrplan Ökonomische Bildung und Digitale Bildung 7/8 (vierstufige Wirtschaftsschule) Wirtschaftsschule, Ökonomische Bildung und Digitale Bildung, Jahrgangsstufe 7/8
https://www.lehrplanplus.bayern.de/fachlehrplan/wirtschaftsschule/7/sport/diffsport	LehrplanPLUS - Wirtschaftsschule - 7, 8, 9, 10 - Sport - Fachlehrpläne	Fachlehrplan Differenzierter Sport (vier- und dreistufige Wirtschaftsschule) Wirtschaftsschule, Sport, Jahrgangsstufe 7-10
https://www.lehrplanplus.bayern.de/fachlehrplan/wirtschaftsschule/7/sport/vierstufig	LehrplanPLUS - Wirtschaftsschule - 7 - Sport - Fachlehrpläne	Fachlehrplan Basissport 7 (vierstufige Wirtschaftsschule) Wirtschaftsschule, Sport, Jahrgangsstufe 7
https://www.lehrplanplus.bayern.de/fachlehrplan/wirtschaftsschule/8/deutsch/dreistufig	LehrplanPLUS - Wirtschaftsschule - 8 - Deutsch - Fachlehrpläne	Fachlehrplan Deutsch 8 (dreistufige Wirtschaftsschule) Wirtschaftsschule, Deutsch, Jahrgangsstufe 8
https://www.lehrplanplus.bayern.de/fachlehrplan/wirtschaftsschule/8/deutsch/vierstufig	LehrplanPLUS - Wirtschaftsschule - 8 - Deutsch - Fachlehrpläne	Fachlehrplan Deutsch 8 (vierstufige Wirtschaftsschule) Wirtschaftsschule, Deutsch, Jahrgangsstufe 8
https://www.lehrplanplus.bayern.de/fachlehrplan/wirtschaftsschule/8/englisch/dreistufig	LehrplanPLUS - Wirtschaftsschule - 8 - Englisch - Fachlehrpläne	Fachlehrplan Englisch 8 (dreistufige Wirtschaftsschule) Wirtschaftsschule, Englisch, Jahrgangsstufe 8
https://www.lehrplanplus.bayern.de/fachlehrplan/wirtschaftsschule/8/englisch/vierstufig	LehrplanPLUS - Wirtschaftsschule - 8 - Englisch - Fachlehrpläne	Fachlehrplan Englisch 8 (vierstufige Wirtschaftsschule) Wirtschaftsschule, Englisch, Jahrgangsstufe 8
https://www.lehrplanplus.bayern.de/fachlehrplan/wirtschaftsschule/8/ethik/dreistufig	LehrplanPLUS - Wirtschaftsschule - 8 - Ethik - Fachlehrpläne	Fachlehrplan Ethik 8 (dreistufige Wirtschaftsschule) Wirtschaftsschule, Ethik, Jahrgangsstufe 8
https://www.lehrplanplus.bayern.de/fachlehrplan/wirtschaftsschule/8/ethik/vierstufig	LehrplanPLUS - Wirtschaftsschule - 8 - Ethik - Fachlehrpläne	Fachlehrplan Ethik 8 (vierstufige Wirtschaftsschule) Wirtschaftsschule, Ethik, Jahrgangsstufe 8
https://www.lehrplanplus.bayern.de/fachlehrplan/wirtschaftsschule/8/evangelische-religionslehre/dreistufig	LehrplanPLUS - Wirtschaftsschule - 8 - Evangelische Religionslehre - Fachlehrpläne	Fachlehrplan Evangelische Religionslehre 8 (dreistufige Wirtschaftsschule) Wirtschaftsschule, Evangelische Religionslehre, Jahrgangsstufe 8
https://www.lehrplanplus.bayern.de/fachlehrplan/wirtschaftsschule/8/evangelische-religionslehre/vierstufig	LehrplanPLUS - Wirtschaftsschule - 8 - Evangelische Religionslehre - Fachlehrpläne	Fachlehrplan Evangelische Religionslehre 8 (vierstufige Wirtschaftsschule) Wirtschaftsschule, Evangelische Religionslehre, Jahrgangsstufe 8
https://www.lehrplanplus.bayern.de/fachlehrplan/wirtschaftsschule/8/gpug-ws/dreistufig	LehrplanPLUS - Wirtschaftsschule - 8 - Geschichte/Politik und Gesellschaft (WS) - Fachlehrpläne	Fachlehrplan Geschichte/Politik und Gesellschaft 8 (dreistufige Wirtschaftsschule) Wirtschaftsschule, Geschichte/Politik und Gesellschaft (WS), Jahrgangsstufe 8
https://www.lehrplanplus.bayern.de/fachlehrplan/wirtschaftsschule/8/gpug-ws/vierstufig	LehrplanPLUS - Wirtschaftsschule - 8 - Geschichte/Politik und Gesellschaft (WS) - Fachlehrpläne	Fachlehrplan Geschichte/Politik und Gesellschaft 8 (vierstufige Wirtschaftsschule) Wirtschaftsschule, Geschichte/Politik und Gesellschaft (WS), Jahrgangsstufe 8
https://www.lehrplanplus.bayern.de/fachlehrplan/wirtschaftsschule/8/iu	LehrplanPLUS - Wirtschaftsschule - 8 - Islamischer Unterricht - Fachlehrpläne	Fachlehrplan Islamischer Unterricht 8 (drei- und vierstufige Wirtschaftsschule) Wirtschaftsschule, Islamischer Unterricht, Jahrgangsstufe 8
https://www.lehrplanplus.bayern.de/fachlehrplan/wirtschaftsschule/8/katholische-religionslehre/dreistufig	LehrplanPLUS - Wirtschaftsschule - 8 - Katholische Religionslehre - Fachlehrpläne	Fachlehrplan Katholische Religionslehre 8 (dreistufig Wirtschaftsschule) Wirtschaftsschule, Katholische Religionslehre, Jahrgangsstufe 8
https://www.lehrplanplus.bayern.de/fachlehrplan/wirtschaftsschule/8/katholische-religionslehre/vierstufig	LehrplanPLUS - Wirtschaftsschule - 8 - Katholische Religionslehre - Fachlehrpläne	Fachlehrplan Katholische Religionslehre 8 (vierstufige Wirtschaftsschule) Wirtschaftsschule, Katholische Religionslehre, Jahrgangsstufe 8
https://www.lehrplanplus.bayern.de/fachlehrplan/wirtschaftsschule/8/mathematik/dreistufig	LehrplanPLUS - Wirtschaftsschule - 8 - Mathematik - Fachlehrpläne	Fachlehrplan Mathematik 8 (dreistufige Wirtschaftsschule) Wirtschaftsschule, Mathematik, Jahrgangsstufe 8
https://www.lehrplanplus.bayern.de/fachlehrplan/wirtschaftsschule/8/mathematik/vierstufig	LehrplanPLUS - Wirtschaftsschule - 8 - Mathematik - Fachlehrpläne	Fachlehrplan Mathematik 8 (vierstufige Wirtschaftsschule) Wirtschaftsschule, Mathematik, Jahrgangsstufe 8
https://www.lehrplanplus.bayern.de/fachlehrplan/wirtschaftsschule/8/musischaesthetischebildung/dreistufig	LehrplanPLUS - Wirtschaftsschule - 8 - Musisch-ästhetische Bildung - Fachlehrpläne	Fachlehrplan Musisch-ästhetische Bildung 8 (dreistufige Wirtschaftsschule) Wirtschaftsschule, Musisch-ästhetische Bildung, Jahrgangsstufe 8
https://www.lehrplanplus.bayern.de/fachlehrplan/wirtschaftsschule/8/musischaesthetischebildung/vierstufig	LehrplanPLUS - Wirtschaftsschule - 8 - Musisch-ästhetische Bildung - Fachlehrpläne	Fachlehrplan Musisch-ästhetische Bildung 8 (vierstufige Wirtschaftsschule) Wirtschaftsschule, Musisch-ästhetische Bildung, Jahrgangsstufe 8
https://www.lehrplanplus.bayern.de/fachlehrplan/wirtschaftsschule/8/mut/dreistufig	LehrplanPLUS - Wirtschaftsschule - 8 - Mensch, Umwelt, Technik - Fachlehrpläne	Fachlehrplan Mensch, Umwelt, Technik 8 (dreistufige Wirtschaftsschule) Wirtschaftsschule, Mensch, Umwelt, Technik, Jahrgangsstufe 8
https://www.lehrplanplus.bayern.de/fachlehrplan/wirtschaftsschule/8/oebdb/dreistufig	LehrplanPLUS - Wirtschaftsschule - 8 - Ökonomische Bildung und Digitale Bildung - Fachlehrpläne	Fachlehrplan Ökonomische Bildung und Digitale Bildung 8 (dreistufige Wirtschaftsschule) Wirtschaftsschule, Ökonomische Bildung und Digitale Bildung, Jahrgangsstufe 8
https://www.lehrplanplus.bayern.de/fachlehrplan/wirtschaftsschule/8/sport/dreistufig	LehrplanPLUS - Wirtschaftsschule - 8 - Sport - Fachlehrpläne	Fachlehrplan Basissport 8 (dreistufige Wirtschaftsschule) Wirtschaftsschule, Sport, Jahrgangsstufe 8
https://www.lehrplanplus.bayern.de/fachlehrplan/wirtschaftsschule/8/sport/vierstufig	LehrplanPLUS - Wirtschaftsschule - 8 - Sport - Fachlehrpläne	Fachlehrplan Basissport 8 (vierstufige Wirtschaftsschule) Wirtschaftsschule, Sport, Jahrgangsstufe 8
https://www.lehrplanplus.bayern.de/fachlehrplan/wirtschaftsschule/9/deutsch/%20dreistufig	LehrplanPLUS - Wirtschaftsschule - 9 - Deutsch - Fachlehrpläne	Fachlehrplan Deutsch 9 (dreistufige Wirtschaftsschule) Wirtschaftsschule, Deutsch, Jahrgangsstufe 9
https://www.lehrplanplus.bayern.de/fachlehrplan/wirtschaftsschule/9/deutsch/vierstufig	LehrplanPLUS - Wirtschaftsschule - 9 - Deutsch - Fachlehrpläne	Fachlehrplan Deutsch 9 (vierstufige Wirtschaftsschule) Wirtschaftsschule, Deutsch, Jahrgangsstufe 9
https://www.lehrplanplus.bayern.de/fachlehrplan/wirtschaftsschule/9/e-commerce/basis	LehrplanPLUS - Wirtschaftsschule - 9, 10, 11 - E-Commerce - Fachlehrpläne	Fachlehrplan Basismodul E-Commerce Wirtschaftsschule, E-Commerce, Jahrgangsstufe 9-11
https://www.lehrplanplus.bayern.de/fachlehrplan/wirtschaftsschule/9/englisch/dreistufig	LehrplanPLUS - Wirtschaftsschule - 9 - Englisch - Fachlehrpläne	Fachlehrplan Englisch 9 (dreistufige Wirtschaftsschule) Wirtschaftsschule, Englisch, Jahrgangsstufe 9
https://www.lehrplanplus.bayern.de/fachlehrplan/wirtschaftsschule/9/ethik/dreistufig	LehrplanPLUS - Wirtschaftsschule - 9 - Ethik - Fachlehrpläne	Fachlehrplan Ethik 9 (dreistufige Wirtschaftsschule) Wirtschaftsschule, Ethik, Jahrgangsstufe 9
https://www.lehrplanplus.bayern.de/fachlehrplan/wirtschaftsschule/9/ethik/vierstufig	LehrplanPLUS - Wirtschaftsschule - 9 - Ethik - Fachlehrpläne	Fachlehrplan Ethik 9 (vierstufige Wirtschaftsschule) Wirtschaftsschule, Ethik, Jahrgangsstufe 9
https://www.lehrplanplus.bayern.de/fachlehrplan/wirtschaftsschule/9/evangelische-religionslehre/dreistufig	LehrplanPLUS - Wirtschaftsschule - 9 - Evangelische Religionslehre - Fachlehrpläne	Fachlehrplan Evangelische Religionslehre 9 (dreistufige Wirtschaftsschule) Wirtschaftsschule, Evangelische Religionslehre, Jahrgangsstufe 9
https://www.lehrplanplus.bayern.de/fachlehrplan/wirtschaftsschule/9/evangelische-religionslehre/vierstufig	LehrplanPLUS - Wirtschaftsschule - 9 - Evangelische Religionslehre - Fachlehrpläne	Fachlehrplan Evangelische Religionslehre 9 (vierstufige Wirtschaftsschule) Wirtschaftsschule, Evangelische Religionslehre, Jahrgangsstufe 9
https://www.lehrplanplus.bayern.de/fachlehrplan/wirtschaftsschule/9/fit_for_finance/basis	LehrplanPLUS - Wirtschaftsschule - 9, 10, 11 - Fit for Finance - Fachlehrpläne	Fachlehrplan Basismodul Fit for Finance Wirtschaftsschule, Fit for Finance, Jahrgangsstufe 9-11
https://www.lehrplanplus.bayern.de/fachlehrplan/wirtschaftsschule/9/gamification/basis	LehrplanPLUS - Wirtschaftsschule - 9, 10, 11 - Gamification - Fachlehrpläne	Fachlehrplan Basismodul Gamification Wirtschaftsschule, Gamification, Jahrgangsstufe 9-11
https://www.lehrplanplus.bayern.de/fachlehrplan/wirtschaftsschule/9/gesundheit/basis	LehrplanPLUS - Wirtschaftsschule - 9, 10, 11 - Gesundheit - Fachlehrpläne	Fachlehrplan Basismodul Gesundheit Wirtschaftsschule, Gesundheit, Jahrgangsstufe 9-11
https://www.lehrplanplus.bayern.de/fachlehrplan/wirtschaftsschule/9/gpug-ws/dreistufig_gueltig_ab_2627	LehrplanPLUS - Wirtschaftsschule - 9 - Geschichte/Politik und Gesellschaft (WS) - Fachlehrpläne	Fachlehrplan Geschichte/Politik und Gesellschaft 9 (dreistufige Wirtschaftsschule) Wirtschaftsschule, Geschichte/Politik und Gesellschaft (WS), Jahrgangsstufe 9
https://www.lehrplanplus.bayern.de/fachlehrplan/wirtschaftsschule/9/gpug-ws/vierstufig_gueltig_ab_2627	LehrplanPLUS - Wirtschaftsschule - 9 - Geschichte/Politik und Gesellschaft (WS) - Fachlehrpläne	Fachlehrplan Geschichte/Politik und Gesellschaft 9 (vierstufige Wirtschaftsschule) Wirtschaftsschule, Geschichte/Politik und Gesellschaft (WS), Jahrgangsstufe 9
https://www.lehrplanplus.bayern.de/fachlehrplan/wirtschaftsschule/9/iu	LehrplanPLUS - Wirtschaftsschule - 9 - Islamischer Unterricht - Fachlehrpläne	Fachlehrplan Islamischer Unterricht 9 (drei- und vierstufige Wirtschaftsschule) Wirtschaftsschule, Islamischer Unterricht, Jahrgangsstufe 9
https://www.lehrplanplus.bayern.de/fachlehrplan/wirtschaftsschule/9/katholische-religionslehre/dreistufig	LehrplanPLUS - Wirtschaftsschule - 9 - Katholische Religionslehre - Fachlehrpläne	Fachlehrplan Katholische Religionslehre 9 (dreistufig Wirtschaftsschule) Wirtschaftsschule, Katholische Religionslehre, Jahrgangsstufe 9
https://www.lehrplanplus.bayern.de/fachlehrplan/wirtschaftsschule/9/katholische-religionslehre/vierstufig	LehrplanPLUS - Wirtschaftsschule - 9 - Katholische Religionslehre - Fachlehrpläne	Fachlehrplan Katholische Religionslehre 9 (vierstufige Wirtschaftsschule) Wirtschaftsschule, Katholische Religionslehre, Jahrgangsstufe 9
https://www.lehrplanplus.bayern.de/fachlehrplan/wirtschaftsschule/9/life_skills/basis	LehrplanPLUS - Wirtschaftsschule - 9, 10, 11 - Life Skills - Fachlehrpläne	Fachlehrplan Basismodul Life Skills Wirtschaftsschule, Life Skills, Jahrgangsstufe 9-11
https://www.lehrplanplus.bayern.de/fachlehrplan/wirtschaftsschule/9/mathematik/dreistufig	LehrplanPLUS - Wirtschaftsschule - 9 - Mathematik - Fachlehrpläne	Fachlehrplan Mathematik 9 (dreistufige Wirtschaftsschule) Wirtschaftsschule, Mathematik, Jahrgangsstufe 9
https://www.lehrplanplus.bayern.de/fachlehrplan/wirtschaftsschule/9/mathematik/vierstufig	LehrplanPLUS - Wirtschaftsschule - 9 - Mathematik - Fachlehrpläne	Fachlehrplan Mathematik 9 (vierstufige Wirtschaftsschule) Wirtschaftsschule, Mathematik, Jahrgangsstufe 9
https://www.lehrplanplus.bayern.de/fachlehrplan/wirtschaftsschule/9/robotik/basis	LehrplanPLUS - Wirtschaftsschule - 9, 10, 11 - Robotik - Fachlehrpläne	Fachlehrplan Basismodul Robotik Wirtschaftsschule, Robotik, Jahrgangsstufe 9-11
https://www.lehrplanplus.bayern.de/fachlehrplan/wirtschaftsschule/9/sport/dreistufig	LehrplanPLUS - Wirtschaftsschule - 9 - Sport - Fachlehrpläne	Fachlehrplan Basissport 9 (dreistufige Wirtschaftsschule) Wirtschaftsschule, Sport, Jahrgangsstufe 9
https://www.lehrplanplus.bayern.de/fachlehrplan/wirtschaftsschule/9/sport/vierstufig	LehrplanPLUS - Wirtschaftsschule - 9 - Sport - Fachlehrpläne	Fachlehrplan Basissport 9 (vierstufige Wirtschaftsschule) Wirtschaftsschule, Sport, Jahrgangsstufe 9
https://www.lehrplanplus.bayern.de/fachlehrplan/wirtschaftsschule/9/tourismus/basis	LehrplanPLUS - Wirtschaftsschule - 9, 10, 11 - Tourismus - Fachlehrpläne	Fachlehrplan Basismodul Tourismus Wirtschaftsschule, Tourismus, Jahrgangsstufe 9-11
https://www.lehrplanplus.bayern.de/fachlehrplan/wirtschaftsschule/9/umweltoekonomie/basis	LehrplanPLUS - Wirtschaftsschule - 9, 10, 11 - Umweltökonomie - Fachlehrpläne	Fachlehrplan Basismodul Umweltökonomie Wirtschaftsschule, Umweltökonomie, Jahrgangsstufe 9-11
https://www.lehrplanplus.bayern.de/fachlehrplan/wirtschaftsschule/9/umwelttechnik/basis	LehrplanPLUS - Wirtschaftsschule - 9, 10, 11 - Umwelttechnik - Fachlehrpläne	Fachlehrplan Basismodul Umwelttechnik Wirtschaftsschule, Umwelttechnik, Jahrgangsstufe 9-11
https://www.lehrplanplus.bayern.de/fachlehrplan/wirtschaftsschule/9/wirtschaft_aktuell/dreistufig	LehrplanPLUS - Wirtschaftsschule - 9 - Wirtschaft Aktuell - Fachlehrpläne	Fachlehrplan Wirtschaft Aktuell 9 (dreistufige Wirtschaftsschule) Wirtschaftsschule, Wirtschaft Aktuell, Jahrgangsstufe 9
https://www.lehrplanplus.bayern.de/fachlehrplan/wirtschaftsschule/9/wirtschaft_aktuell/vierstufig	LehrplanPLUS - Wirtschaftsschule - 9 - Wirtschaft Aktuell - Fachlehrpläne	Fachlehrplan Wirtschaft Aktuell 9 (vierstufige Wirtschaftsschule) Wirtschaftsschule, Wirtschaft Aktuell, Jahrgangsstufe 9
https://www.lehrplanplus.bayern.de/jahrgangsstufenprofil/bos/10/gk10	LehrplanPLUS - Berufsoberschule - 10 - Grundlegende Kompetenzen (Jahrgangsstufenprofile)	Grundlegende Kompetenzen (Jahrgangsstufenprofile) Grundlegende Kompetenzen zum Ende der Vorklasse Berufsoberschule, Jahrgangsstufe 10
https://www.lehrplanplus.bayern.de/jahrgangsstufenprofil/bos/12/gk12	LehrplanPLUS - Berufsoberschule - 12 - Grundlegende Kompetenzen (Jahrgangsstufenprofile)	Grundlegende Kompetenzen (Jahrgangsstufenprofile) Grundlegende Kompetenzen zum Ende der Jahrgangsstufe 12 Berufsoberschule, Jahrgangsstufe 12
https://www.lehrplanplus.bayern.de/jahrgangsstufenprofil/bos/13/gk13	LehrplanPLUS - Berufsoberschule - 13 - Grundlegende Kompetenzen (Jahrgangsstufenprofile)	Grundlegende Kompetenzen (Jahrgangsstufenprofile) Grundlegende Kompetenzen zum Ende der Jahrgangsstufe 13 Berufsoberschule, Jahrgangsstufe 13
https://www.lehrplanplus.bayern.de/jahrgangsstufenprofil/fos/10/gk10	LehrplanPLUS - Fachoberschule - 10 - Grundlegende Kompetenzen (Jahrgangsstufenprofile)	Grundlegende Kompetenzen (Jahrgangsstufenprofile) Grundlegende Kompetenzen zum Ende der Vorklasse Fachoberschule, Jahrgangsstufe 10
https://www.lehrplanplus.bayern.de/jahrgangsstufenprofil/fos/11/gk11	LehrplanPLUS - Fachoberschule - 11 - Grundlegende Kompetenzen (Jahrgangsstufenprofile)	Grundlegende Kompetenzen (Jahrgangsstufenprofile) Grundlegende Kompetenzen zum Ende der Jahrgangsstufe 11 Fachoberschule, Jahrgangsstufe 11
https://www.lehrplanplus.bayern.de/jahrgangsstufenprofil/fos/12/gk12	LehrplanPLUS - Fachoberschule - 12 - Grundlegende Kompetenzen (Jahrgangsstufenprofile)	Grundlegende Kompetenzen (Jahrgangsstufenprofile) Grundlegende Kompetenzen zum Ende der Jahrgangsstufe 12 Fachoberschule, Jahrgangsstufe 12
https://www.lehrplanplus.bayern.de/jahrgangsstufenprofil/fos/13/gk13	LehrplanPLUS - Fachoberschule - 13 - Grundlegende Kompetenzen (Jahrgangsstufenprofile)	Grundlegende Kompetenzen (Jahrgangsstufenprofile) Grundlegende Kompetenzen zum Ende der Jahrgangsstufe 13 Fachoberschule, Jahrgangsstufe 13
https://www.lehrplanplus.bayern.de/jahrgangsstufenprofil/gymnasium/10	LehrplanPLUS - Gymnasium - 10 - Grundlegende Kompetenzen (Jahrgangsstufenprofile)	Grundlegende Kompetenzen (Jahrgangsstufenprofile) Grundlegende Kompetenzen zum Ende der Jahrgangsstufe 10 Gymnasium, Jahrgangsstufe 10
https://www.lehrplanplus.bayern.de/jahrgangsstufenprofil/gymnasium/11	LehrplanPLUS - Gymnasium - 11 - Grundlegende Kompetenzen (Jahrgangsstufenprofile)	Grundlegende Kompetenzen (Jahrgangsstufenprofile) Grundlegende Kompetenzen zum Ende der Jahrgangsstufe 11 Gymnasium, Jahrgangsstufe 11
https://www.lehrplanplus.bayern.de/jahrgangsstufenprofil/gymnasium/12	LehrplanPLUS - Gymnasium - 12, 13 - Grundlegende Kompetenzen (Jahrgangsstufenprofile)	Grundlegende Kompetenzen (Jahrgangsstufenprofile) Grundlegende Kompetenzen zum Ende der Jahrgangsstufen 12/13 Gymnasium, Jahrgangsstufe 12, 13
https://www.lehrplanplus.bayern.de/jahrgangsstufenprofil/gymnasium/5	LehrplanPLUS - Gymnasium - 5 - Grundlegende Kompetenzen (Jahrgangsstufenprofile)	Grundlegende Kompetenzen (Jahrgangsstufenprofile) Grundlegende Kompetenzen zum Ende der Jahrgangsstufe 5 Gymnasium, Jahrgangsstufe 5
https://www.lehrplanplus.bayern.de/jahrgangsstufenprofil/gymnasium/6	LehrplanPLUS - Gymnasium - 6 - Grundlegende Kompetenzen (Jahrgangsstufenprofile)	Grundlegende Kompetenzen (Jahrgangsstufenprofile) Grundlegende Kompetenzen zum Ende der Jahrgangsstufe 6 Gymnasium, Jahrgangsstufe 6
https://www.lehrplanplus.bayern.de/jahrgangsstufenprofil/gymnasium/7	LehrplanPLUS - Gymnasium - 7 - Grundlegende Kompetenzen (Jahrgangsstufenprofile)	Grundlegende Kompetenzen (Jahrgangsstufenprofile) Grundlegende Kompetenzen zum Ende der Jahrgangsstufe 7 Gymnasium, Jahrgangsstufe 7
https://www.lehrplanplus.bayern.de/jahrgangsstufenprofil/gymnasium/8	LehrplanPLUS - Gymnasium - 8 - Grundlegende Kompetenzen (Jahrgangsstufenprofile)	Grundlegende Kompetenzen (Jahrgangsstufenprofile) Grundlegende Kompetenzen zum Ende der Jahrgangsstufe 8 Gymnasium, Jahrgangsstufe 8
https://www.lehrplanplus.bayern.de/jahrgangsstufenprofil/gymnasium/9	LehrplanPLUS - Gymnasium - 9 - Grundlegende Kompetenzen (Jahrgangsstufenprofile)	Grundlegende Kompetenzen (Jahrgangsstufenprofile) Grundlegende Kompetenzen zum Ende der Jahrgangsstufe 9 Gymnasium, Jahrgangsstufe 9
https://www.lehrplanplus.bayern.de/jahrgangsstufenprofil/mittelschule/10/mittlere-reife-klasse	LehrplanPLUS - Mittelschule - 10 - Grundlegende Kompetenzen (Jahrgangsstufenprofile)	Grundlegende Kompetenzen (Jahrgangsstufenprofile) Grundlegende Kompetenzen zum Ende der Jahrgangsstufe 10 (Mittlere-Reife-Klasse) Mittelschule, Jahrgangsstufe 10
https://www.lehrplanplus.bayern.de/jahrgangsstufenprofil/mittelschule/5	LehrplanPLUS - Mittelschule - 5 - Grundlegende Kompetenzen (Jahrgangsstufenprofile)	Grundlegende Kompetenzen (Jahrgangsstufenprofile) Grundlegende Kompetenzen zum Ende der Jahrgangsstufe 5 Mittelschule, Jahrgangsstufe 5
https://www.lehrplanplus.bayern.de/jahrgangsstufenprofil/mittelschule/6	LehrplanPLUS - Mittelschule - 6 - Grundlegende Kompetenzen (Jahrgangsstufenprofile)	Grundlegende Kompetenzen (Jahrgangsstufenprofile) Grundlegende Kompetenzen zum Ende der Jahrgangsstufe 6 Mittelschule, Jahrgangsstufe 6
https://www.lehrplanplus.bayern.de/jahrgangsstufenprofil/mittelschule/7/mittlere-reife-klasse	LehrplanPLUS - Mittelschule - 7 - Grundlegende Kompetenzen (Jahrgangsstufenprofile)	Grundlegende Kompetenzen (Jahrgangsstufenprofile) Grundlegende Kompetenzen zum Ende der Jahrgangsstufe 7 (Mittlere-Reife-Klasse) Mittelschule, Jahrgangsstufe 7
https://www.lehrplanplus.bayern.de/jahrgangsstufenprofil/mittelschule/7/regelklasse	LehrplanPLUS - Mittelschule - 7 - Grundlegende Kompetenzen (Jahrgangsstufenprofile)	Grundlegende Kompetenzen (Jahrgangsstufenprofile) Grundlegende Kompetenzen zum Ende der Jahrgangsstufe 7 (Regelklasse) Mittelschule, Jahrgangsstufe 7
https://www.lehrplanplus.bayern.de/jahrgangsstufenprofil/mittelschule/8/mittlere-reife-klasse	LehrplanPLUS - Mittelschule - 8 - Grundlegende Kompetenzen (Jahrgangsstufenprofile)	Grundlegende Kompetenzen (Jahrgangsstufenprofile) Grundlegende Kompetenzen zum Ende der Jahrgangsstufe 8 (Mittlere-Reife-Klasse) Mittelschule, Jahrgangsstufe 8
https://www.lehrplanplus.bayern.de/jahrgangsstufenprofil/mittelschule/8/regelklasse	LehrplanPLUS - Mittelschule - 8 - Grundlegende Kompetenzen (Jahrgangsstufenprofile)	Grundlegende Kompetenzen (Jahrgangsstufenprofile) Grundlegende Kompetenzen zum Ende der Jahrgangsstufe 8 (Regelklasse) Mittelschule, Jahrgangsstufe 8
https://www.lehrplanplus.bayern.de/jahrgangsstufenprofil/mittelschule/9/mittlere-reife-klasse	LehrplanPLUS - Mittelschule - 9 - Grundlegende Kompetenzen (Jahrgangsstufenprofile)	Grundlegende Kompetenzen (Jahrgangsstufenprofile) Grundlegende Kompetenzen zum Ende der Jahrgangsstufe 9 (Mittlere-Reife-Klasse) Mittelschule, Jahrgangsstufe 9
https://www.lehrplanplus.bayern.de/jahrgangsstufenprofil/mittelschule/9/regelklasse	LehrplanPLUS - Mittelschule - 9 - Grundlegende Kompetenzen (Jahrgangsstufenprofile)	Grundlegende Kompetenzen (Jahrgangsstufenprofile) Grundlegende Kompetenzen zum Ende der Jahrgangsstufe 9 (Regelklasse) Mittelschule, Jahrgangsstufe 9
https://www.lehrplanplus.bayern.de/jahrgangsstufenprofil/realschule/10	LehrplanPLUS - Realschule - 10 - Grundlegende Kompetenzen (Jahrgangsstufenprofile)	Grundlegende Kompetenzen (Jahrgangsstufenprofile) Grundlegende Kompetenzen zum Ende der Jahrgangsstufe 10 Realschule, Jahrgangsstufe 10
https://www.lehrplanplus.bayern.de/jahrgangsstufenprofil/realschule/5	LehrplanPLUS - Realschule - 5 - Grundlegende Kompetenzen (Jahrgangsstufenprofile)	Grundlegende Kompetenzen (Jahrgangsstufenprofile) Grundlegende Kompetenzen zum Ende der Jahrgangsstufe 5 Realschule, Jahrgangsstufe 5
https://www.lehrplanplus.bayern.de/jahrgangsstufenprofil/realschule/6	LehrplanPLUS - Realschule - 6 - Grundlegende Kompetenzen (Jahrgangsstufenprofile)	Grundlegende Kompetenzen (Jahrgangsstufenprofile) Grundlegende Kompetenzen zum Ende der Jahrgangsstufe 6 Realschule, Jahrgangsstufe 6
https://www.lehrplanplus.bayern.de/jahrgangsstufenprofil/realschule/7	LehrplanPLUS - Realschule - 7 - Grundlegende Kompetenzen (Jahrgangsstufenprofile)	Grundlegende Kompetenzen (Jahrgangsstufenprofile) Grundlegende Kompetenzen zum Ende der Jahrgangsstufe 7 Realschule, Jahrgangsstufe 7
https://www.lehrplanplus.bayern.de/jahrgangsstufenprofil/realschule/8	LehrplanPLUS - Realschule - 8 - Grundlegende Kompetenzen (Jahrgangsstufenprofile)	Grundlegende Kompetenzen (Jahrgangsstufenprofile) Grundlegende Kompetenzen zum Ende der Jahrgangsstufe 8 Realschule, Jahrgangsstufe 8
https://www.lehrplanplus.bayern.de/jahrgangsstufenprofil/realschule/9	LehrplanPLUS - Realschule - 9 - Grundlegende Kompetenzen (Jahrgangsstufenprofile)	Grundlegende Kompetenzen (Jahrgangsstufenprofile) Grundlegende Kompetenzen zum Ende der Jahrgangsstufe 9 Realschule, Jahrgangsstufe 9
https://www.lehrplanplus.bayern.de/jahrgangsstufenprofil/wirtschaftsschule/10/dreistufig	LehrplanPLUS - Wirtschaftsschule - 10 - Grundlegende Kompetenzen (Jahrgangsstufenprofile)	Grundlegende Kompetenzen (Jahrgangsstufenprofile) Grundlegende Kompetenzen zum Ende der Jahrgangsstufe 10 (dreistufige Wirtschaftsschule) Wirtschaftsschule, Jahrgangsstufe 10
https://www.lehrplanplus.bayern.de/jahrgangsstufenprofil/wirtschaftsschule/10/vierstufig	LehrplanPLUS - Wirtschaftsschule - 10 - Grundlegende Kompetenzen (Jahrgangsstufenprofile)	Grundlegende Kompetenzen (Jahrgangsstufenprofile) Grundlegende Kompetenzen zum Ende der Jahrgangsstufe 10 (vierstufige Wirtschaftsschule) Wirtschaftsschule, Jahrgangsstufe 10
https://www.lehrplanplus.bayern.de/jahrgangsstufenprofil/wirtschaftsschule/10/zweistufig	LehrplanPLUS - Wirtschaftsschule - 10 - Grundlegende Kompetenzen (Jahrgangsstufenprofile)	Grundlegende Kompetenzen (Jahrgangsstufenprofile) Grundlegende Kompetenzen zum Ende der Jahrgangsstufe 10 (zweistufige Wirtschaftsschule) Wirtschaftsschule, Jahrgangsstufe 10
https://www.lehrplanplus.bayern.de/jahrgangsstufenprofil/wirtschaftsschule/11/zweistufig	LehrplanPLUS - Wirtschaftsschule - 11 - Grundlegende Kompetenzen (Jahrgangsstufenprofile)	Grundlegende Kompetenzen (Jahrgangsstufenprofile) Grundlegende Kompetenzen zum Ende der Jahrgangsstufe 11 (zweistufige Wirtschaftsschule) Wirtschaftsschule, Jahrgangsstufe 11
https://www.lehrplanplus.bayern.de/jahrgangsstufenprofil/wirtschaftsschule/6/vierstufig	LehrplanPLUS - Wirtschaftsschule - 6 - Grundlegende Kompetenzen (Jahrgangsstufenprofile)	Grundlegende Kompetenzen (Jahrgangsstufenprofile) Grundlegende Kompetenzen zum Ende der Jahrgangsstufe 6 (vierstufige Wirtschaftsschule) Wirtschaftsschule, Jahrgangsstufe 6
https://www.lehrplanplus.bayern.de/jahrgangsstufenprofil/wirtschaftsschule/7/vierstufig	LehrplanPLUS - Wirtschaftsschule - 7 - Grundlegende Kompetenzen (Jahrgangsstufenprofile)	Grundlegende Kompetenzen (Jahrgangsstufenprofile) Grundlegende Kompetenzen zum Ende der Jahrgangsstufe 7 (vierstufige Wirtschaftsschule) Wirtschaftsschule, Jahrgangsstufe 7
https://www.lehrplanplus.bayern.de/jahrgangsstufenprofil/wirtschaftsschule/8/dreistufig	LehrplanPLUS - Wirtschaftsschule - 8 - Grundlegende Kompetenzen (Jahrgangsstufenprofile)	Grundlegende Kompetenzen (Jahrgangsstufenprofile) Grundlegende Kompetenzen zum Ende der Jahrgangsstufe 8 (dreistufige Wirtschaftsschule) Wirtschaftsschule, Jahrgangsstufe 8
https://www.lehrplanplus.bayern.de/jahrgangsstufenprofil/wirtschaftsschule/8/vierstufig	LehrplanPLUS - Wirtschaftsschule - 8 - Grundlegende Kompetenzen (Jahrgangsstufenprofile)	Grundlegende Kompetenzen (Jahrgangsstufenprofile) Grundlegende Kompetenzen zum Ende der Jahrgangsstufe 8 (vierstufige Wirtschaftsschule) Wirtschaftsschule, Jahrgangsstufe 8
https://www.lehrplanplus.bayern.de/jahrgangsstufenprofil/wirtschaftsschule/9/dreistufig	LehrplanPLUS - Wirtschaftsschule - 9 - Grundlegende Kompetenzen (Jahrgangsstufenprofile)	Grundlegende Kompetenzen (Jahrgangsstufenprofile) Grundlegende Kompetenzen zum Ende der Jahrgangsstufe 9 (dreistufige Wirtschaftsschule) Wirtschaftsschule, Jahrgangsstufe 9
https://www.lehrplanplus.bayern.de/jahrgangsstufenprofil/wirtschaftsschule/9/vierstufig	LehrplanPLUS - Wirtschaftsschule - 9 - Grundlegende Kompetenzen (Jahrgangsstufenprofile)	Grundlegende Kompetenzen (Jahrgangsstufenprofile) Grundlegende Kompetenzen zum Ende der Jahrgangsstufe 9 (vierstufige Wirtschaftsschule) Wirtschaftsschule, Jahrgangsstufe 9
